decision_date,entry_date,exit_date,long_symbol,short_symbol,long_signal,short_signal,dispersion,dispersion_gate,eligible_count,median_quote_volume_long,median_quote_volume_short,long_entry,long_exit,short_entry,short_exit,gross_unit_return
2020-03-31,2020-04-01,2020-04-04,BTCUSDT,ETHUSDT,-0.24956429260796642,-0.3917251502224668,0.05880508939737369,False,3,2076502472.95289,252528347.01959,6407.1,6729.8,132.6,141.2,-0.01449071169702787
2020-04-03,2020-04-04,2020-04-07,BTCUSDT,ETHUSDT,-0.23148866098050347,-0.3708290640174634,0.05990744103711487,False,3,2325552706.414625,239500524.341595,6729.8,7325.73,141.2,171.15,-0.1235595588249534
2020-04-06,2020-04-07,2020-04-10,XRPUSDT,ETHUSDT,-0.16285956006768187,-0.27888261565686356,0.04521866764070081,False,4,27841448.6788,237657420.65044498,0.198,0.1981,171.15,169.48,0.010262573146008647
2020-04-09,2020-04-10,2020-04-13,BCHUSDT,ETHUSDT,-0.058927324192184605,-0.15670564817118682,0.03365454989424562,False,6,98235084.2349,230976011.13815,256.0,232.78,169.48,158.69,-0.02703779575761156
2020-04-12,2020-04-13,2020-04-16,BCHUSDT,LTCUSDT,0.3127008286825641,0.11827384123601492,0.059758955532059246,False,6,96542350.019095,28773723.320304997,232.78,215.04,41.98,39.2,-0.009987285850118655
2020-04-15,2020-04-16,2020-04-19,ETHUSDT,ETCUSDT,0.37439222042139364,0.1326666666666667,0.07024432219388321,False,8,217493837.62391502,21399186.45359,152.64,187.52,5.1,5.657,0.119295844123813
2020-04-18,2020-04-19,2020-04-22,LINKUSDT,BCHUSDT,0.6876394466755913,0.10362459839811744,0.17627264425214106,False,9,45801937.745945,93439365.64997,3.782,3.457,243.89,219.54,0.013906723256635334
2020-04-21,2020-04-22,2020-04-25,LINKUSDT,BCHUSDT,0.7450782433114587,0.08229783037475347,0.18575688252199163,False,10,65527271.376865,85291171.4604,3.457,3.78,219.54,238.12,0.00880211072727377
2020-04-24,2020-04-25,2020-04-28,LINKUSDT,BCHUSDT,0.6770186335403725,0.07817383033651892,0.18742438454276325,False,10,106849208.01129499,72507212.69246,3.78,3.637,238.12,242.98,-0.05824056520344101
2020-04-27,2020-04-28,2020-05-01,LINKUSDT,XRPUSDT,0.7062412013139374,0.12606959498003412,0.20692103144813306,False,10,106849208.01129499,21259308.735445,3.637,3.708,0.1973,0.2116,-0.05295687547634054
2020-04-30,2020-05-01,2020-05-04,XLMUSDT,BCHUSDT,0.6583927254853774,0.14620632812857726,0.17861148447354627,False,11,8035327.296505,88864850.52110499,0.06754,0.07293,250.25,251.7,0.07401035446638038
2020-05-03,2020-05-04,2020-05-07,XLMUSDT,BCHUSDT,0.7653753026634382,0.06562513230873446,0.196290787436058,False,12,8889509.342969999,86977326.30061,0.07293,0.06948,251.7,241.33,-0.006105794460278147
2020-05-06,2020-05-07,2020-05-10,LINKUSDT,BCHUSDT,0.40980392156862755,-0.06489835430784119,0.1614339656325986,False,15,117243296.96611,83739952.46391499,3.595,4.022,241.33,265.69,0.01783545715914725
2020-05-09,2020-05-10,2020-05-13,ADAUSDT,DASHUSDT,0.4267515923566878,-0.037863258169540615,0.13740709112715552,False,16,15356807.329465,11024772.76796,0.05156,0.05043,79.75,73.29,0.0590869206767658
2020-05-12,2020-05-13,2020-05-16,ADAUSDT,EOSUSDT,0.506722438004183,-0.023218574859887986,0.13757090270744382,False,19,17812768.04128,31106518.38865,0.05043,0.05033,2.44,2.583,-0.060589504035784225
2020-05-15,2020-05-16,2020-05-19,ADAUSDT,DASHUSDT,0.58071608040201,0.023055162659122885,0.1386465347636121,False,21,17812768.04128,11014122.438315,0.05033,0.05435,72.31,76.14,0.026906444571347166
2020-05-18,2020-05-19,2020-05-22,ADAUSDT,DASHUSDT,0.48768472906403915,-0.04968789013732822,0.13705295006781779,False,22,17812768.04128,11014122.438315,0.05435,0.05214,76.14,73.11,-0.0008672592418604852
2020-05-21,2020-05-22,2020-05-25,ADAUSDT,EOSUSDT,0.509264620729589,-0.023034154090547987,0.11859109620584697,False,24,21114588.252815,30656895.55315,0.05214,0.05108,2.461,2.486,-0.030488353255161083
2020-05-24,2020-05-25,2020-05-28,ADAUSDT,DASHUSDT,0.22416686645888295,-0.12019643953345616,0.09087092933548353,False,24,19361912.2168,7928967.664215,0.05108,0.05507,71.68,73.67,0.050350487505593566
2020-05-27,2020-05-28,2020-05-31,IOSTUSDT,DASHUSDT,0.2458321559762644,-0.1101848495831822,0.09019565068335035,False,24,2319113.3002835,7219686.307015,0.00441,0.004759,73.67,79.11,0.005295509453046021
2020-05-30,2020-05-31,2020-06-03,ADAUSDT,DASHUSDT,0.6140424637376498,-0.021050024764735054,0.14561037837330829,True,24,18471028.54983,6720449.59389,0.07675,0.07879,79.11,78.28,0.03707152494959187
2020-06-02,2020-06-03,2020-06-06,VETUSDT,XRPUSDT,0.6748961698200275,-0.07474931631722881,0.18992651300257998,True,24,8802492.841134,26941680.78483,0.007263,0.006696,0.2031,0.2028,-0.07658980962369533
2020-06-05,2020-06-06,2020-06-09,ADAUSDT,XRPUSDT,0.7397344228804903,-0.042965061378659075,0.1854098343911598,True,24,21005240.908495,26855549.663489997,0.08519,0.08651,0.2028,0.204,0.009577616618891005
2020-06-08,2020-06-09,2020-06-12,VETUSDT,XRPUSDT,0.7081686429512517,-0.058144900784494746,0.1942156642454857,True,24,10762191.440808,25793123.72736,0.007781,0.008751,0.204,0.1881,0.20260381623411483
2020-06-11,2020-06-12,2020-06-15,VETUSDT,XRPUSDT,1.0585744530698662,-0.04517766497461939,0.23227404194002704,True,24,15674764.4823375,25095536.23708,0.008751,0.008644,0.1881,0.19,-0.022328184138262985
2020-06-14,2020-06-15,2020-06-18,VETUSDT,XRPUSDT,0.9708228857989512,-0.0399191510864072,0.2301326299215922,True,24,19266159.845745,24591803.89288,0.008644,0.009014,0.19,0.1929,0.027541099393555424
2020-06-17,2020-06-18,2020-06-21,VETUSDT,ETCUSDT,1.0053392658509455,-0.06438152011922504,0.24542819251480621,True,24,24854731.9846745,17155270.1981,0.009014,0.008296,6.282,6.262,-0.0764701722962765
2020-06-20,2020-06-21,2020-06-24,VETUSDT,XRPUSDT,0.9586971914090159,-0.032955715756951665,0.23655465465188016,True,24,27277934.345937498,24016057.80687,0.008296,0.0089,0.1877,0.1888,0.06694575609224818
2020-06-23,2020-06-24,2020-06-27,VETUSDT,ETCUSDT,0.9957389549226283,-0.03012781497261119,0.24360895421512146,True,24,28280055.307837002,14967518.3986,0.0089,0.008938,6.375,6.045,0.05603436880370127
2020-06-26,2020-06-27,2020-06-30,VETUSDT,ETCUSDT,0.8242498469075323,-0.10722197607443507,0.2118909021513514,True,24,28280055.307837002,13001885.73298,0.008938,0.008683,6.045,5.825,0.007863841358380808
2020-06-29,2020-06-30,2020-07-03,VETUSDT,ETCUSDT,0.39437751004016075,-0.22229639519359146,0.13615126009891335,False,24,28280055.307837002,12570587.03083,0.008683,0.009549,5.825,5.636,0.13218146652306162
2020-07-02,2020-07-03,2020-07-06,VETUSDT,XTZUSDT,0.31519493043118896,-0.19392684610075928,0.1316491828902892,False,21,28068363.170916498,24109098.64875,0.009549,0.014296,2.336,2.29,0.5168118981116863
2020-07-05,2020-07-06,2020-07-09,VETUSDT,XTZUSDT,1.13694743130227,-0.22029281579843374,0.28544862096464596,True,20,31744840.314588003,19259079.79295,0.014296,0.019916,2.29,2.654,0.2341649907263279
2020-07-08,2020-07-09,2020-07-12,VETUSDT,XTZUSDT,1.5564982645584262,-0.09942314217848669,0.37214541220452385,True,18,37167162.671005994,19736530.456299998,0.019916,0.018496,2.654,2.687,-0.08373351951595354
2020-07-11,2020-07-12,2020-07-15,VETUSDT,DASHUSDT,1.1130156553536739,0.005117565698478543,0.27403534289001774,True,18,37599269.522204,2648768.9193399996,0.018496,0.018452,72.69,71.99,0.0072510426082987856
2020-07-14,2020-07-15,2020-07-18,VETUSDT,DASHUSDT,1.132199861207495,-0.008401046687784075,0.34090566684494844,True,17,42207842.144931,2776086.573825,0.018452,0.018212,71.99,69.57,0.020609059830701826
2020-07-17,2020-07-18,2020-07-21,VETUSDT,DASHUSDT,1.0204126913689815,-0.03908839779005546,0.27277862484967436,True,15,41379567.8993595,3443113.43148,0.018212,0.0161,69.57,68.86,-0.10576194559147678
2020-07-20,2020-07-21,2020-07-24,VETUSDT,DASHUSDT,0.9399927702132784,-0.02958163121566415,0.2565470554661582,True,14,47663854.2346655,3607087.4554049997,0.0161,0.017402,68.86,73.47,0.013922135650153544
2020-07-23,2020-07-24,2020-07-27,VETUSDT,IOSTUSDT,0.9556129902236203,-0.045711664883045344,0.25515070867850576,True,14,53905516.466901496,13218395.473644499,0.017402,0.017582,0.006241,0.005989,0.05072178319034304
2020-07-26,2020-07-27,2020-07-30,VETUSDT,BATUSDT,0.9679982096900523,-0.05984484669375689,0.28783888522890083,True,14,53905516.466901496,8327160.967315,0.017582,0.015589,0.2545,0.2477,-0.0866355101965105
2020-07-29,2020-07-30,2020-08-02,VETUSDT,BATUSDT,0.7957373271889401,-0.053455517373043215,0.22329552454320606,True,14,58625615.1938385,8009704.621895,0.015589,0.017388,0.2477,0.2595,0.06776361384186691
2020-08-01,2020-08-02,2020-08-05,VETUSDT,BATUSDT,0.8208861422436369,0.0714285714285714,0.20992116473093206,True,13,58625615.1938385,8009704.621895,0.017388,0.018755,0.2595,0.2623,0.06782745658091227
2020-08-04,2020-08-05,2020-08-08,QTUMUSDT,IOSTUSDT,0.6025857223159079,-0.1841376293920396,0.20959302823702894,True,10,10348683.35445,13876174.616152499,2.852,2.647,0.005597,0.005864,-0.11958351010020651
2020-08-07,2020-08-08,2020-08-11,QTUMUSDT,IOSTUSDT,0.30845279288185834,-0.11813393528969152,0.15738999692176295,False,8,11649691.5888,13346450.6557765,2.647,2.934,0.005864,0.006572,-0.0123120668408363
2020-08-10,2020-08-11,2020-08-14,IOTAUSDT,IOSTUSDT,0.5368589743589745,0.016236276480593892,0.1817487475912903,False,6,6359927.854275,12800136.0685835,0.3831,0.3771,0.006572,0.006313,0.023747909429005398
2020-08-13,2020-08-14,2020-08-17,NEOUSDT,IOSTUSDT,0.3428887455064984,0.02531234788252479,0.13078757715092398,False,3,13620570.407335,13346450.6557765,14.572,15.537,0.006313,0.007051,-0.050678738334062556
2020-08-16,2020-08-17,2020-08-20,QTUMUSDT,IOSTUSDT,0.3988294314381271,0.1849798387096775,0.1069247963642248,False,2,10744927.39725,14273786.2577275,3.347,3.302,0.007051,0.006845,0.01577083807474311
2020-09-15,2020-09-16,2020-09-19,THETAUSDT,ALGOUSDT,0.3450792851749307,-0.4389857369255151,0.3920325110502229,True,2,19749025.900185,32782348.73846,0.5345,0.5753,0.354,0.3366,0.12548556388831644
2020-09-18,2020-09-19,2020-09-22,THETAUSDT,ALGOUSDT,0.42154682480850014,-0.4368412246946629,0.3645831404609803,True,3,19783617.25569,25123414.983039998,0.5753,0.5646,0.3366,0.2874,0.12756856610191447
2020-09-21,2020-09-22,2020-09-25,THETAUSDT,ALGOUSDT,0.2571682596132474,-0.49159440806936827,0.30811638875893044,True,4,19713439.403845,21085504.057535,0.5646,0.6369,0.2874,0.2938,0.10578664519082381
2020-09-24,2020-09-25,2020-09-28,THETAUSDT,ALGOUSDT,0.25680473372781054,-0.47685185185185186,0.26904806058125813,True,5,19713439.403845,17357952.873105,0.6369,0.7457,0.2938,0.3203,0.0806300322325817
2020-09-27,2020-09-28,2020-10-01,THETAUSDT,ALGOUSDT,0.5695350305070481,-0.4008225836604973,0.37229452926948065,True,5,19783617.25569,16050529.59561,0.7457,0.745,0.3203,0.347,-0.08429806590986366
2020-09-30,2020-10-01,2020-10-04,THETAUSDT,KNCUSDT,0.5627750995598406,-0.45484075159914716,0.3256522185279474,True,7,22079492.37358,5135011.1485,0.745,0.7476,0.98151,0.91128,0.07504294813791579
2020-10-03,2020-10-04,2020-10-07,THETAUSDT,COMPUSDT,0.8757515030060121,-0.3502945902517407,0.38185354322788195,True,7,23261980.322504997,20494212.807315,0.7476,0.685,121.22,105.64,0.04479202832554252
2020-10-06,2020-10-07,2020-10-10,THETAUSDT,COMPUSDT,0.6042154566744733,-0.38091607530350124,0.3274093040779702,True,7,30612345.78391,19515755.432825,0.685,0.7143,105.64,115.33,-0.04895289607729869
2020-10-09,2020-10-10,2020-10-13,THETAUSDT,COMPUSDT,0.5053740779768179,-0.34934596301308074,0.2581430046380174,True,8,36559790.998135,19515755.432825,0.7143,0.7304,115.33,116.82,0.009620100670040932
2020-10-12,2020-10-13,2020-10-16,THETAUSDT,COMPUSDT,0.33181403828623535,-0.3511861770098339,0.20782571616902706,True,8,36559790.998135,18957047.91431,0.7304,0.6876,116.82,106.96,0.0258053271122497
2020-10-15,2020-10-16,2020-10-19,THETAUSDT,COMPUSDT,0.28574101796407203,-0.30733380801346366,0.18362639823031704,False,8,36559790.998135,17320776.91476,0.6876,0.6682,106.96,104.84,-0.008393584309814739
2020-10-18,2020-10-19,2020-10-22,THETAUSDT,COMPUSDT,0.16269772292716844,-0.31826754243350464,0.14488793665971259,False,8,36559790.998135,16519873.548640002,0.6682,0.6356,104.84,95.46,0.04068187997822492
2020-10-21,2020-10-22,2020-10-25,ZILUSDT,COMPUSDT,0.3497822931785195,-0.25565258069546226,0.16179116238055302,False,10,8161186.4807,15610253.765345,0.01858,0.01945,95.46,105.19,-0.055102966385415675
2020-10-24,2020-10-25,2020-10-28,ZILUSDT,COMPUSDT,0.3312799452429842,-0.24045057404866788,0.1428156305160411,False,10,8161186.4807,14044541.704325,0.01945,0.0186,105.19,108.69,-0.07697492430761221
2020-10-27,2020-10-28,2020-10-31,ZILUSDT,SXPUSDT,0.19922630560928423,-0.4050887573964497,0.14723644282738194,False,11,8161186.4807,30234045.314005,0.0186,0.01749,1.0038,0.8431,0.10041423236861224
2020-10-30,2020-10-31,2020-11-03,DOGEUSDT,SXPUSDT,-0.01898974553740984,-0.5162678602169049,0.12350848798300221,False,12,2498055.1417455003,30234045.314005,0.002584,0.002513,0.8431,0.8078,0.014392511713185896
2020-11-02,2020-11-03,2020-11-06,DOGEUSDT,SXPUSDT,-0.028968713789107703,-0.41412822744415434,0.09869994066328015,False,12,2498055.1417455003,26529145.012575,0.002513,0.002635,0.8078,0.8114,0.044091004075169415
2020-11-05,2020-11-06,2020-11-09,ZILUSDT,SXPUSDT,0.03577325261419939,-0.29748917748917747,0.10925764468524592,False,12,4831123.85592,27324991.146185,0.01883,0.01922,0.8114,0.9829,-0.19065144578759563
2020-11-08,2020-11-09,2020-11-12,RLCUSDT,KAVAUSDT,0.06298076923076934,-0.3289762340036564,0.10823765198265133,False,12,11430670.82298,10288220.389215,0.8843,0.9272,1.468,1.4696,0.04742302983840729
2020-11-11,2020-11-12,2020-11-15,WAVESUSDT,KAVAUSDT,0.5166138597773986,-0.3792812552724819,0.19560256959715208,True,14,21511935.34717,10799835.1075,3.7324,4.2897,1.4696,1.4565,0.15822810444426172
2020-11-14,2020-11-15,2020-11-18,WAVESUSDT,KAVAUSDT,0.5948426411028129,-0.35996306718255366,0.20633671828866337,True,15,22662695.496299997,10799835.1075,4.2897,4.9139,1.4565,1.8814,-0.14621540107075637
2020-11-17,2020-11-18,2020-11-21,WAVESUSDT,SXPUSDT,0.6106797706797704,-0.13872312597073488,0.19336755945624623,True,15,22662695.496299997,32273366.448655,4.9139,6.7776,1.0536,0.9819,0.44732343923640727
2020-11-20,2020-11-21,2020-11-24,WAVESUSDT,SXPUSDT,1.1783912330880226,-0.15111149554536796,0.3033109381884271,True,16,23278543.979604997,33258357.93298,6.7776,7.905,0.9819,1.1397,0.005633238168931465
2020-11-23,2020-11-24,2020-11-27,WAVESUSDT,THETAUSDT,1.3022714036109493,-0.07450653322212963,0.30585473715290773,True,16,24362716.74039,14242239.70299,7.905,6.062,0.6661,0.6188,-0.16213322120766593
2020-11-26,2020-11-27,2020-11-30,WAVESUSDT,MKRUSDT,0.9172808654667381,-0.09642085775995068,0.2399197632835907,True,15,28941940.9603,13740604.420135,6.062,7.0462,527.38,546.11,0.12684046990933528
2020-11-29,2020-11-30,2020-12-03,YFIUSDT,MKRUSDT,1.2344776214311022,0.05227044946418946,0.33964725909688454,True,16,321641591.83685005,13436367.084285,24601.2,30359.4,546.11,560.38,0.2079314862891486
2020-12-02,2020-12-03,2020-12-06,YFIUSDT,MKRUSDT,2.004653649649491,0.07201453293813942,0.4690453914998993,True,20,332230449.49665,13436367.084285,30359.4,29351.0,560.38,533.36,0.015001868441345878
2020-12-05,2020-12-06,2020-12-09,SUSHIUSDT,MKRUSDT,3.472604065827686,0.004521647386864558,0.7905584454631039,True,24,119486994.86835,14012752.243585,2.3101,2.1198,533.36,502.93,-0.02532398893020149
2020-12-08,2020-12-09,2020-12-12,SUSHIUSDT,SXPUSDT,2.3018221460831643,-0.1323170731707317,0.5216634982546691,True,24,133756576.5544,43095715.60250001,2.1198,1.9339,0.8539,0.804,-0.029259196365154505
2020-12-11,2020-12-12,2020-12-15,SUSHIUSDT,SXPUSDT,1.837270726338958,-0.1550257325911143,0.4435197305762662,True,24,133756576.5544,37634064.90564,1.9339,2.5634,0.804,0.8575,0.2589657521894637
2020-12-14,2020-12-15,2020-12-18,EGLDUSDT,SOLUSDT,1.5622495324605934,-0.17000000000000004,0.4383472295679781,True,26,12441608.62835,15878578.404550001,19.177,23.354,1.5927,1.68,0.1630004227552011
2020-12-17,2020-12-18,2020-12-21,EGLDUSDT,CRVUSDT,1.9591733231900594,-0.2502857142857142,0.43891684950906956,True,28,18743425.25375,46116666.082200006,23.354,25.621,0.656,0.617,0.15652238505128901
2020-12-20,2020-12-21,2020-12-24,EGLDUSDT,YFIIUSDT,2.346671897476134,-0.3271343035013283,0.4973812943746988,True,27,20480950.63535,38029580.54955,25.621,21.748,1696.3,1345.1,0.05587378934836351
2020-12-23,2020-12-24,2020-12-27,EGLDUSDT,BZRXUSDT,1.3879877246821568,-0.5123081378511439,0.37470235247012545,True,28,31217031.731399998,13796367.77615,21.748,23.174,0.1684,0.1543,0.1492984638989382
2020-12-26,2020-12-27,2020-12-30,EGLDUSDT,OMGUSDT,1.5338296474709874,-0.31447084233261335,0.40060235883945106,True,28,34062322.344050005,17049024.57488,23.174,23.837,2.5383,2.5639,0.01852415845550648
2020-12-29,2020-12-30,2021-01-02,EGLDUSDT,BZRXUSDT,1.6644317800871606,-0.39016777214202103,0.4174963029411511,True,30,37681029.01955,13796367.77615,23.837,26.109,0.1565,0.162,0.060170237667137805
2021-01-01,2021-01-02,2021-01-05,EGLDUSDT,BZRXUSDT,1.2552915766738661,-0.4401798063623791,0.3769550326496457,True,29,37681029.01955,12764781.3195,26.109,30.785,0.162,0.1887,0.014280516297062285
2021-01-04,2021-01-05,2021-01-08,DOGEUSDT,WAVESUSDT,1.8828722778104767,-0.33510553196726367,0.5242463133123889,True,29,10762258.389968,33666517.096415,0.009796,0.009775,5.4031,5.9407,-0.10164216821855476
2021-01-07,2021-01-08,2021-01-11,EGLDUSDT,FLMUSDT,1.9631343759974467,-0.28104575163398693,0.5123509139142155,True,28,43431018.8553,5782015.65155,37.161,36.339,0.1432,0.1719,-0.22253895889229702
2021-01-10,2021-01-11,2021-01-14,SNXUSDT,WAVESUSDT,2.244260789715335,-0.1946960454483837,0.5746179795254501,True,29,29683410.33955,32356553.440954998,14.139,15.556,6.5376,6.3913,0.1225974944953393
2021-01-13,2021-01-14,2021-01-17,SNXUSDT,WAVESUSDT,1.963047619047619,-0.25961115102078647,0.585538987687505,True,32,47112123.993949994,35086752.808325,15.556,15.577,6.3913,6.6452,-0.03837591593486889
2021-01-16,2021-01-17,2021-01-20,AVAXUSDT,FILUSDT,2.9765049569568327,-0.19714897651065633,0.7276063028572611,True,34,31696689.17295,34079717.17025,12.7817,11.7,22.865,22.685,-0.07675651134602657
2021-01-19,2021-01-20,2021-01-23,AVAXUSDT,FILUSDT,2.5307144581221337,-0.20274309829435544,0.6400776590352057,True,35,38960423.5154,37707820.41515,11.7,12.7217,22.685,22.298,0.10438451742463206
2021-01-22,2021-01-23,2021-01-26,CRVUSDT,FILUSDT,3.6842105263157894,-0.002995082700044671,0.8356062733950426,True,36,57685150.50065,37707820.41515,1.958,2.005,22.298,22.415,0.018756978437949545
2021-01-25,2021-01-26,2021-01-29,CRVUSDT,FILUSDT,3.268085106382978,-0.049043315939077736,0.8261389697943577,True,35,67270703.75215,38520225.6321,2.005,2.085,22.415,21.942,0.061002190041291926
2021-01-28,2021-01-29,2021-02-01,FTMUSDT,WAVESUSDT,6.307823960880196,-0.10148465381870087,1.2141444789487565,True,33,10420391.262805,39991765.09726,0.119555,0.127981,6.2932,6.5526,0.029258929042526693
2021-01-31,2021-02-01,2021-02-04,FTMUSDT,FILUSDT,6.452757960675135,0.0025187783924796037,1.1862129534804329,True,33,11740723.521505501,36166677.00345,0.127981,0.130791,22.289,23.119,-0.015281715360197179
2021-02-03,2021-02-04,2021-02-07,FTMUSDT,FILUSDT,5.362286382004966,0.0794770021013309,1.0607768861102038,True,34,12512504.144326,35324530.232,0.130791,0.141529,23.119,24.295,0.03123319829302318
2021-02-06,2021-02-07,2021-02-10,FTMUSDT,YFIUSDT,4.9276649214659685,-0.04369525638354743,1.0576800314641575,True,34,21674804.243633002,124795253.08645001,0.141529,0.148515,31678.4,35362.2,-0.06692653039446306
2021-02-09,2021-02-10,2021-02-13,FTMUSDT,YFIUSDT,4.874589417863786,0.03825635843414177,1.1534004678528087,True,34,38404209.396174505,119220236.4944,0.148515,0.185434,35362.2,47188.0,-0.08583155387638297
2021-02-12,2021-02-13,2021-02-16,FTMUSDT,YFIUSDT,6.742467928628139,0.40211673235016154,1.2960897998885557,True,32,49717431.5151865,119220236.4944,0.185434,0.173903,47188.0,40390.4,0.08186972316283714
2021-02-15,2021-02-16,2021-02-19,FTMUSDT,YFIUSDT,5.075039356305755,0.19239378887123526,0.8874815818515541,True,32,55977121.880757004,119220236.4944,0.173903,0.21091,40390.4,44370.5,0.11426179699202832
2021-02-18,2021-02-19,2021-02-22,FTMUSDT,YFIUSDT,6.516310741915933,0.28796688934069126,1.0853329418644422,True,35,58761539.5711105,115581899.58875,0.21091,0.3475,44370.5,43128.0,0.675625048249555
2021-02-21,2021-02-22,2021-02-25,FTMUSDT,YFIUSDT,11.834213929429152,0.39940233226691935,1.9046860499202303,True,35,61531324.421853,117551187.35845,0.3475,0.648999,43128.0,33765.3,1.0847140065576921
2021-02-24,2021-02-25,2021-02-28,FTMUSDT,ENJUSDT,11.40278521692555,0.037608139264335705,1.9302859583320238,True,36,61801185.844125494,27725050.383835,0.648999,0.469213,0.4902,0.56802,-0.43577198764640046
2021-02-27,2021-02-28,2021-03-03,MATICUSDT,ALPHAUSDT,4.103697957072666,-0.25846718566731697,0.8460871287471068,True,36,62088333.853664994,119359559.740265,0.1975,0.23283,1.22,1.51415,-0.062220481427682106
2021-03-02,2021-03-03,2021-03-06,MATICUSDT,ALPHAUSDT,5.06750065155069,-0.2618005245760976,0.9651568359319349,True,33,81487484.69836,107953116.114665,0.23283,0.21297,1.51415,1.83,-0.2938971701655443
2021-03-05,2021-03-06,2021-03-09,MATICUSDT,ALPHAUSDT,3.8472917614929454,-0.13767061007382697,0.8518136239694931,True,27,81487484.69836,119359559.740265,0.21297,0.21768,1.83,1.62158,0.1360065013389865
2021-03-08,2021-03-09,2021-03-12,ENJUSDT,ALPHAUSDT,3.435824926118414,-0.33581698060623955,0.9109215732447491,True,28,41214768.295925,110877392.60398,1.74128,1.79441,1.62158,1.60724,0.039355264098276055
2021-03-11,2021-03-12,2021-03-15,ENJUSDT,ALPHAUSDT,3.259057884989791,-0.23643740468532504,1.0287267639917737,True,28,66868767.025474995,93279026.42921999,1.79441,2.3311,1.60724,1.5046,0.3629509804163047
2021-03-14,2021-03-15,2021-03-18,ENJUSDT,AVAXUSDT,2.804200597287726,-0.4050081879701888,0.8159157549886333,True,26,84800474.9291,217869633.03974998,2.3311,2.46202,28.8147,32.7263,-0.07958782850416846
2021-03-17,2021-03-18,2021-03-21,ENJUSDT,AAVEUSDT,3.69186334693255,-0.16031720293449958,0.9218496788593566,True,23,152715262.6359,184282846.9263,2.46202,2.2048,383.319,370.57,-0.07121568255571498
2021-03-20,2021-03-21,2021-03-24,ENJUSDT,ZENUSDT,2.7328321820398207,-0.2747087838419622,0.7672604419291832,True,23,201163563.011605,25919806.050300002,2.2048,2.05287,58.982,51.515,0.0576892005784746
2021-03-23,2021-03-24,2021-03-27,ENJUSDT,GRTUSDT,2.5718488345779584,-0.3481072739803813,0.6809539806320617,True,22,218594744.30556,92371618.423355,2.05287,2.33729,1.50403,1.5532,0.10585532987440716
2021-03-26,2021-03-27,2021-03-30,ENJUSDT,GRTUSDT,3.763021098766691,-0.17805704005502931,0.9715885234606721,True,22,232742615.66669,89404721.631495,2.33729,2.49732,1.5532,1.77604,-0.07500335938383174
2021-03-29,2021-03-30,2021-04-02,SKLUSDT,LRCUSDT,2.715197394480877,-0.0011294832151387268,0.8400352218341601,True,19,48557865.168060005,18596803.680845,0.8445,0.81735,0.53977,0.538,-0.02887002624728241
2021-04-01,2021-04-02,2021-04-05,FILUSDT,LRCUSDT,3.853985194485861,-0.0532654822066877,0.9665260331225208,True,19,242967585.49495,19857690.628200002,185.547,183.03,0.538,0.57213,-0.07700395783446912
2021-04-04,2021-04-05,2021-04-08,FILUSDT,GRTUSDT,3.522091529109419,-0.035467203783168366,0.7906277741316171,True,19,419098760.441,91102652.792425,183.03,156.313,1.76241,1.6591,-0.08735200978470481
2021-04-07,2021-04-08,2021-04-11,FILUSDT,AAVEUSDT,2.7582658042176638,-0.2010909306959654,0.6664456526540166,True,19,590913614.1329501,133345593.44585,156.313,174.822,349.406,367.875,0.06555157766556707
2021-04-10,2021-04-11,2021-04-14,FILUSDT,RENUSDT,3.132156195338723,-0.14711563018771556,0.7047102609795582,True,19,739479292.199,45443335.983155,174.822,164.522,1.06885,1.02253,-0.015580773914903978
2021-04-13,2021-04-14,2021-04-17,FILUSDT,SKLUSDT,2.0532499350384197,-0.14498671652071238,0.48880972302826675,True,16,757340458.0941501,51505608.650869995,164.522,182.931,0.69566,0.70814,0.09395405188533501
2021-04-16,2021-04-17,2021-04-20,ZENUSDT,ALPHAUSDT,1.3171837708830547,-0.10392034847541998,0.3512758869242579,True,13,36875917.547000006,79813988.722165,126.361,96.415,1.62729,1.27464,-0.020277687931037902
2021-04-19,2021-04-20,2021-04-23,AXSUSDT,ALPHAUSDT,0.7721209587820519,-0.31255934397928353,0.3240984096138778,True,12,57118759.284355,83163403.11485,8.0549,8.112,1.27464,1.35954,-0.05951818924030916
2021-04-22,2021-04-23,2021-04-26,AXSUSDT,ALPHAUSDT,1.1101303943036362,-0.36253704189954616,0.4591697997988438,True,12,67860682.33702001,89127523.269185,8.112,6.563,1.35954,1.21848,-0.08719599445966464
2021-04-25,2021-04-26,2021-04-29,ZENUSDT,ALPHAUSDT,1.2128081779915814,-0.37012842709113936,0.4115543070952981,True,13,50158524.67285,81777838.48212999,110.491,123.534,1.21848,1.43313,-0.058116289918308306
2021-04-28,2021-04-29,2021-05-02,ZENUSDT,SKLUSDT,1.2837625482982382,-0.32106429104521816,0.4320959417764921,True,15,54133950.15255,50991640.09132,123.534,125.808,0.57337,0.65869,-0.1303965492185175
2021-05-01,2021-05-02,2021-05-05,ZENUSDT,AKROUSDT,1.2258184392142986,-0.24751951316311682,0.38717340006569956,True,15,54263930.1687,46512062.39747,125.808,112.1,0.05688,0.04861,0.03643412693429837
2021-05-04,2021-05-05,2021-05-08,ZENUSDT,AKROUSDT,0.6984848484848485,-0.3476043484096095,0.26090966265393317,False,15,54077871.35855,46423137.39177,112.1,146.975,0.04861,0.04964,0.28991709946870925
2021-05-07,2021-05-08,2021-05-11,ZENUSDT,AKROUSDT,1.1238170916708805,-0.36703212646608874,0.3202738760880219,False,15,62236192.3921,44772356.326745,146.975,128.832,0.04964,0.04491,-0.028156702745222417
2021-05-10,2021-05-11,2021-05-14,ZENUSDT,AKROUSDT,0.7589067638189582,-0.39973262032085566,0.26408350106962547,False,15,68016761.02045,40323876.851405,128.832,137.247,0.04491,0.04254,0.11808983403966422
2021-05-13,2021-05-14,2021-05-17,ZENUSDT,SANDUSDT,0.6057883531035773,-0.3684619058992118,0.2898221052965426,False,14,83475767.27555001,47361158.536775,137.247,125.752,0.42358,0.41559,-0.0648910828636341
2021-05-16,2021-05-17,2021-05-20,ALPHAUSDT,CHZUSDT,0.16365535889872174,-0.4329085311196851,0.1762045363114262,False,14,80613183.77255,287034779.45713997,1.8935,1.1444,0.4365,0.26191,0.004360507445287598
2021-05-19,2021-05-20,2021-05-23,ALPHAUSDT,LITUSDT,-0.10268081366147674,-0.579153605015674,0.13684142015392467,False,13,80613183.77255,34015407.48125,1.1444,0.8842,3.76,3.1,-0.051836138234659934
2021-05-22,2021-05-23,2021-05-26,SANDUSDT,UNFIUSDT,0.006235866511341115,-0.6273466090014733,0.18522589905130285,False,14,47361158.536775,19273856.22795,0.43979,0.29363,7.844,10.062,-0.6151043311791557
2021-05-25,2021-05-26,2021-05-29,REEFUSDT,LUNAUSDT,-0.029142381348875923,-0.6246987713822937,0.1540626569861545,False,15,100008684.3553545,154825419.49220002,0.030304,0.027776,6.652,5.907,0.028575061545114133
2021-05-28,2021-05-29,2021-06-01,REEFUSDT,LUNAUSDT,-0.20698126142595974,-0.6489497022075869,0.12646445248488294,False,15,114448758.62349549,154825419.49220002,0.027776,0.026606,5.907,6.541,-0.14945298195377044
2021-05-31,2021-06-01,2021-06-04,SKLUSDT,LITUSDT,-0.3100630363788258,-0.6142564434379381,0.09269214402161585,False,15,49463740.24594,26167870.51235,0.45443,0.42334,3.577,4.072,-0.2067994982774829
2021-06-03,2021-06-04,2021-06-07,REEFUSDT,UNFIUSDT,-0.24741646336449108,-0.559771456162234,0.08896795083384842,False,16,103987264.63614151,22178935.011,0.027446,0.024874,10.941,9.519,0.03625855060387195
2021-06-06,2021-06-07,2021-06-10,ANKRUSDT,LUNAUSDT,-0.36610878661087864,-0.622843007119585,0.08213463443551515,False,16,32646532.386754498,154825419.49220002,0.10312,0.09489,6.251,6.014,-0.041895996407836145
2021-06-09,2021-06-10,2021-06-13,COTIUSDT,LUNAUSDT,-0.3239713609685646,-0.6200997411779559,0.08074438892666684,False,16,28493487.544245,152919694.9035,0.22,0.19049,6.014,5.5,-0.04866912053692907
2021-06-12,2021-06-13,2021-06-16,CHZUSDT,LUNAUSDT,-0.36030356100408634,-0.6547589151180312,0.07704469164533259,False,17,172176027.40866,149302464.8655,0.27395,0.3281,5.5,6.582,0.0009365345368266276
2021-06-15,2021-06-16,2021-06-19,CHZUSDT,LUNAUSDT,-0.24848234943761016,-0.593253845678631,0.08272717538940816,False,20,177164211.27836,144791133.63,0.3281,0.28986,6.582,5.955,-0.021290032915126655
2021-06-18,2021-06-19,2021-06-22,CHZUSDT,LUNAUSDT,0.10701191567369372,-0.37089102631857096,0.1199775611360113,False,21,197084600.76534998,138892358.42900002,0.28986,0.21426,5.955,4.826,-0.07122698511102632
2021-06-21,2021-06-22,2021-06-25,1INCHUSDT,SANDUSDT,-0.019992636229749672,-0.5938890402251884,0.14105782282096654,False,22,98727653.14125,30083029.222145,2.6605,2.7237,0.17886,0.20311,-0.11182596798034083
2021-06-24,2021-06-25,2021-06-28,CHZUSDT,REEFUSDT,-0.030005434360686367,-0.4821546378150151,0.1061057275232861,False,22,218648102.05080998,37315103.9430825,0.24983,0.23902,0.015699,0.015886,-0.05518100993305031
2021-06-27,2021-06-28,2021-07-01,LUNAUSDT,LINAUSDT,-0.08211987809007781,-0.456880301602262,0.10071608108072899,False,23,102191963.6855,19801412.843170002,5.422,6.567,0.02304,0.02593,0.08574265979138507
2021-06-30,2021-07-01,2021-07-04,LUNAUSDT,ALICEUSDT,0.003668042182485065,-0.4731602314005112,0.10065315158509255,False,26,97486612.0255,51318805.23285,6.567,5.805,3.917,4.055,-0.1512657632162483
2021-07-03,2021-07-04,2021-07-07,CHZUSDT,DODOUSDT,-0.18489645120835174,-0.5585539714867618,0.09141682539850807,False,26,190477926.12422,21392420.62265,0.24047,0.24246,0.867,1.172,-0.3435123133766922
2021-07-06,2021-07-07,2021-07-10,LUNAUSDT,COTIUSDT,0.043353063509838474,-0.3749061520116592,0.1110565353691054,False,27,90830067.3075,16922759.39934,6.524,8.098,0.14152,0.12773,0.33870508647637176
2021-07-09,2021-07-10,2021-07-13,SANDUSDT,COTIUSDT,0.6933479783071326,-0.41940909090909084,0.23677679627826395,False,28,31532885.529265,14639752.901195,0.49332,0.41717,0.12773,0.12691,-0.14794248831340429
2021-07-12,2021-07-13,2021-07-16,SANDUSDT,COTIUSDT,0.589545419934516,-0.3334033282587011,0.21213829022261463,False,29,31936303.505769998,14264745.17815,0.41717,0.54331,0.12691,0.12141,0.34570853459056916
2021-07-15,2021-07-16,2021-07-19,SANDUSDT,DENTUSDT,0.8972308551873449,-0.4250214224507284,0.26183855849769677,False,29,38656261.631909996,23233431.954293,0.54331,0.4829,0.002014,0.001899,-0.054088526145331106
2021-07-18,2021-07-19,2021-07-22,SANDUSDT,DENTUSDT,0.8883588159386853,-0.38356609288730115,0.25198537836545776,False,29,69430156.83500001,22150259.4882645,0.4829,0.47331,0.001899,0.001817,0.023321437283587376
2021-07-21,2021-07-22,2021-07-25,SANDUSDT,COTIUSDT,1.6457238680827277,-0.23522077160041066,0.3805446683750379,True,28,158720357.689605,12174406.334645,0.47331,0.73035,0.1043,0.11827,0.40912846844117134
2021-07-24,2021-07-25,2021-07-28,SANDUSDT,COTIUSDT,2.594583948793698,-0.22355721883001767,0.5956149474126111,True,28,279740087.479405,12174406.334645,0.73035,0.67562,0.11827,0.12764,-0.15416217516965425
2021-07-27,2021-07-28,2021-07-31,ALICEUSDT,COTIUSDT,2.578421052631579,-0.10059922453295733,0.5624882858455508,True,26,213328163.11605,14116145.3113,13.592,14.917,0.12764,0.13365,0.05039826089009547
2021-07-30,2021-07-31,2021-08-03,ALICEUSDT,COTIUSDT,2.8100102145045964,-0.12195121951219501,0.5773604056155243,True,25,249308790.50315,17281128.748015,14.917,12.924,0.13365,0.13974,-0.1791727318397115
2021-08-02,2021-08-03,2021-08-06,ALICEUSDT,DENTUSDT,2.1868836291913216,-0.006924643584521384,0.4625562299110342,True,24,304691466.20675004,21970285.602580503,12.924,12.538,0.002437,0.002568,-0.08362153059958366
2021-08-05,2021-08-06,2021-08-09,ALICEUSDT,REEFUSDT,1.1399795151928989,0.002029145914038022,0.2749297202803025,False,24,359617204.61105,17073016.833301,12.538,11.649,0.016296,0.018056,-0.1789064141426362
2021-08-08,2021-08-09,2021-08-12,CHRUSDT,ONEUSDT,0.9683666881859263,-0.09315589353612175,0.2452859057211965,False,25,154465626.52859998,19355209.014435,0.3049,0.3296,0.08108,0.09779,-0.12508258063534883
2021-08-11,2021-08-12,2021-08-15,RVNUSDT,1000SHIBUSDT,2.04817374136229,0.030587923728813582,0.38681698113589863,True,26,25711690.80115,103745282.2667035,0.15432,0.15064,0.007782,0.008141,-0.06997865233523337
2021-08-14,2021-08-15,2021-08-18,DENTUSDT,OGNUSDT,3.0357675111773466,0.16535012809564464,0.578256371746792,True,26,42931733.440333,45395972.8473,0.008125,0.006196,1.0916,0.9591,-0.11603392620571074
2021-08-17,2021-08-18,2021-08-21,DENTUSDT,1000SHIBUSDT,2.2623814541622758,0.21224428399518658,0.4193199152216974,True,27,55621137.047682,124477625.96535,0.006196,0.007023,0.008063,0.008497,0.07964708921119668
2021-08-20,2021-08-21,2021-08-24,DENTUSDT,1000SHIBUSDT,2.8678414096916303,0.29888396269683537,0.5510595305048408,True,24,74963195.4811805,142986835.3764875,0.007023,0.007019,0.008497,0.008187,0.035913907582964644
2021-08-23,2021-08-24,2021-08-27,DENTUSDT,CHRUSDT,2.1630630630630625,0.1857389304197814,0.46742201559111285,True,22,121801716.0022695,112059937.42300001,0.007019,0.005871,0.4122,0.3902,-0.1101839126750922
2021-08-26,2021-08-27,2021-08-30,COTIUSDT,CHRUSDT,1.8975544756231386,0.09573273441886565,0.39984007223650986,True,21,52876779.97218,107453340.5846,0.36999,0.36324,0.3902,0.4787,-0.24505050207834578
2021-08-29,2021-08-30,2021-09-02,COTIUSDT,XEMUSDT,1.7198262952979935,0.121683967704729,0.37464590374264495,False,21,55477183.23148,34516945.498449996,0.36324,0.33751,0.1946,0.2012,-0.10475043439692533
2021-09-01,2021-09-02,2021-09-05,DENTUSDT,1000SHIBUSDT,1.6324856439704676,0.13307086614173236,0.3814616324774867,False,20,169997853.78739297,160844244.030711,0.006419,0.006778,0.007197,0.007448,0.021052071968416186
2021-09-04,2021-09-05,2021-09-08,DENTUSDT,1000SHIBUSDT,1.6394080996884735,0.19633676092544983,0.3676991703043424,False,20,174257901.6934295,162851346.088095,0.006778,0.005144,0.007448,0.006055,-0.05404398795750065
2021-09-07,2021-09-08,2021-09-11,DENTUSDT,1000SHIBUSDT,0.5966490847036923,-0.17052775873886228,0.182394423685346,False,19,186545627.9228435,160844244.030711,0.005144,0.004746,0.006055,0.006995,-0.23261529550915483
2021-09-10,2021-09-11,2021-09-14,ONEUSDT,BAKEUSDT,0.7586700767263428,-0.22489815480469688,0.22259561004845974,False,19,49809377.88043,111508598.6361,0.17187,0.18421,1.9409,1.9083,0.08859478391735587
2021-09-13,2021-09-14,2021-09-17,ONEUSDT,DENTUSDT,0.882292837437417,-0.42614475627769566,0.34328235741726604,False,17,58145177.78714,164597949.23278803,0.18421,0.16363,0.004662,0.00491,-0.16491637239696522
2021-09-16,2021-09-17,2021-09-20,CELRUSDT,DENTUSDT,1.4910308538627124,-0.20687984496124034,0.39597007758271346,True,14,54368994.307685,138748713.213494,0.10414,0.10202,0.00491,0.004735,0.015284336415377076
2021-09-19,2021-09-20,2021-09-23,CELRUSDT,DENTUSDT,1.206963667820069,-0.32588268792710706,0.37323269171571816,False,13,76320668.87509,110526771.723213,0.10202,0.10962,0.004735,0.004232,0.18072539765377182
2021-09-22,2021-09-23,2021-09-26,CELRUSDT,BAKEUSDT,1.2158884172225592,-0.45119229788319304,0.39960861315544294,True,13,139302823.368175,83033495.8328,0.10962,0.16196,1.7214,1.565,0.5683238951709283
2021-09-25,2021-09-26,2021-09-29,CELRUSDT,BAKEUSDT,2.8411192791083715,-0.4171322160148976,0.8204583429985584,True,13,157764500.81223,76589188.93635,0.16196,0.15469,1.565,1.5952,-0.0641847511751018
2021-09-28,2021-09-29,2021-10-02,1000SHIBUSDT,GTCUSDT,-0.020365168539325795,-0.5167707610455702,0.13619541121037523,False,10,132711768.88495749,30613846.046099998,0.006974,0.007701,6.267,8.013,-0.17435786590499625
2021-10-01,2021-10-02,2021-10-05,1000SHIBUSDT,BAKEUSDT,0.07018763029881869,-0.3650804685599083,0.12696741700827047,False,9,124587571.753436,62909069.29005,0.007701,0.013489,1.827,1.7493,0.7941194381383517
2021-10-04,2021-10-05,2021-10-08,1000SHIBUSDT,BAKEUSDT,0.8115766854687079,-0.39157045486159403,0.37931053495826667,False,8,141019819.861126,56387646.887449995,0.013489,0.022933,1.7493,1.9858,0.5649290926986852
2021-10-07,2021-10-08,2021-10-11,1000SHIBUSDT,ICPUSDT,2.790447859857875,-0.16742819843342038,1.0136728445338257,True,7,189643818.585799,219535991.23745,0.022933,0.026143,51.03,44.91,0.25990241798611124
2021-10-10,2021-10-11,2021-10-14,1000SHIBUSDT,ICPUSDT,2.7368496283590624,-0.21072056239015824,1.0647800016592126,True,6,189643818.585799,214006524.04255003,0.026143,0.029084,44.91,43.21,0.15035013777102613
2021-10-13,2021-10-14,2021-10-17,1000SHIBUSDT,ICPUSDT,3.479821318545903,-0.21507720254314255,1.336893273865462,True,6,331446595.96927047,214006524.04255003,0.029084,0.025705,43.21,46.02,-0.18121196068838397
2021-10-16,2021-10-17,2021-10-20,1000SHIBUSDT,ICPUSDT,2.0098360655737704,-0.2060700120710468,0.7662127279058415,True,7,384068236.88091755,217083033.15350002,0.025705,0.028039,46.02,43.81,0.13882205422893634
2021-10-19,2021-10-20,2021-10-23,1000SHIBUSDT,ICPUSDT,2.465883807169345,-0.23445143256464018,0.9223655377304674,True,6,731086535.8003395,222612500.3484,0.028039,0.027977,43.81,45.07,-0.030971762770932276
2021-10-22,2021-10-23,2021-10-26,1000SHIBUSDT,ICPUSDT,2.8626259837084076,-0.09661254760473037,1.0153320173605074,True,6,731086535.8003395,222612500.3484,0.027977,0.042305,45.07,48.78,0.4298185712932172
2021-10-25,2021-10-26,2021-10-29,1000SHIBUSDT,ICPUSDT,4.783321941216678,0.06622950819672124,1.6585877348388214,True,6,1448629933.10624,222612500.3484,0.042305,0.068653,48.78,43.23,0.7365866802504453
2021-10-28,2021-10-29,2021-11-01,1000SHIBUSDT,ICPUSDT,8.843870967741935,0.058492413117963826,3.1814809539642503,True,6,2091914272.358608,246580006.5117,0.068653,0.066931,43.23,45.03,-0.06672041364464587
2021-10-31,2021-11-01,2021-11-04,1000SHIBUSDT,ICPUSDT,7.693246753246752,-0.1283888458559257,2.8128537523691106,True,6,3283122879.5490007,250235094.83075,0.066931,0.055603,45.03,46.73,-0.2070015373720081
2021-11-03,2021-11-04,2021-11-07,1000SHIBUSDT,ICPUSDT,3.1198754540736893,-0.04572361706470707,1.0813402282218822,True,6,3554415719.790696,250235094.83075,0.055603,0.058701,46.73,49.58,-0.005272240070643086
2021-11-06,2021-11-07,2021-11-10,1000SHIBUSDT,ICPUSDT,1.5593390303453085,-0.028224225793806457,0.5573451965911003,True,6,3554415719.790696,246857922.3304,0.058701,0.05493,49.58,52.61,-0.12535416577288805
2021-11-09,2021-11-10,2021-11-13,KEEPUSDT,BAKEUSDT,0.6751425855513307,0.1978203434610304,0.17347821079828407,False,4,63238967.59075,69330711.69690001,0.705,0.6536,2.1763,2.0758,-0.026728506284496967
2021-11-12,2021-11-13,2021-11-16,IOTXUSDT,BAKEUSDT,2.0961368327926864,0.08408188844787978,0.7305718872336389,True,5,40147635.281509995,69330711.69690001,0.21011,0.19859,2.0758,2.1095,-0.07106312789905855
2021-11-15,2021-11-16,2021-11-19,IOTXUSDT,KEEPUSDT,1.7962545761757251,-0.13051843933725282,0.7045723381832782,True,5,64581399.8457,71089179.23735,0.19859,0.17323,0.8133,0.6447,0.0796032909919766
2021-11-18,2021-11-19,2021-11-22,IOTXUSDT,GTCUSDT,1.5563754427390792,-0.35372458492408776,0.6305686445069991,True,6,95329312.38489,34408866.0554,0.17323,0.21856,7.28,7.778,0.1932686360571254
2021-11-21,2021-11-22,2021-11-25,IOTXUSDT,GTCUSDT,2.2074889867841416,-0.2406918792143068,0.8430043311307666,True,6,146960707.62404,29325963.3394,0.21856,0.18002,7.778,8.967,-0.3292030785106621
2021-11-24,2021-11-25,2021-11-28,IOTXUSDT,C98USDT,1.6806134603930913,-0.21411089960693186,0.7227874340194264,True,7,198233115.39656502,68856510.27035001,0.18002,0.15623,3.1785,2.9915,-0.07331920035382422
2021-11-27,2021-11-28,2021-12-01,IOTXUSDT,C98USDT,1.485527989821883,-0.1793464841285083,0.5912647187618844,True,8,198233115.39656502,63858218.1986,0.15623,0.15393,2.9915,3.0233,-0.025352003070767237
2021-11-30,2021-12-01,2021-12-04,IOTXUSDT,C98USDT,1.1342393565386217,-0.17829668089270667,0.4484023970653886,False,9,198233115.39656502,57334573.796000004,0.15393,0.14246,3.0233,2.9512,-0.05066627666851886
2021-12-03,2021-12-04,2021-12-07,GTCUSDT,C98USDT,0.3897216274089934,-0.2905358301882258,0.2287641714955958,False,9,37199563.75215,57334573.796000004,13.626,11.194,2.9512,2.2363,0.06375813134020547
2021-12-06,2021-12-07,2021-12-10,GTCUSDT,C98USDT,0.2628906690736772,-0.42328219672553813,0.21848423020652877,False,9,46895254.23635,56599439.744550005,11.194,10.483,2.2363,2.1032,-0.003998215613539857
2021-12-09,2021-12-10,2021-12-13,IOTXUSDT,C98USDT,0.1131002331002331,-0.5013510950981321,0.2139661828592141,False,9,163333262.506535,53313955.80975,0.11941,0.11958,2.1032,2.226,-0.056963553115483956
2021-12-12,2021-12-13,2021-12-16,KEEPUSDT,ATAUSDT,0.02340881272949824,-0.48070432868672053,0.16117349142390283,False,9,76974870.06915,50465463.443,0.6687,0.6384,0.7077,0.6473,0.04003509939026795
2021-12-15,2021-12-16,2021-12-19,TLMUSDT,ATAUSDT,-0.12332545311268728,-0.4705112474437627,0.11847685418658949,False,9,275645648.4817,47747514.212050006,0.2225,0.2134,0.6473,0.6126,0.012708415423097086
2021-12-18,2021-12-19,2021-12-22,GALAUSDT,ATAUSDT,1.0269504164667915,-0.3505405978376086,0.3895887044193796,False,11,1482881483.25118,46040068.17915,0.46485,0.44095,0.6126,0.6285,-0.07736938089514611
2021-12-21,2021-12-22,2021-12-25,GALAUSDT,DYDXUSDT,0.19028340080971673,-0.42878868527108205,0.18304267651818282,False,10,1271053497.0710301,207755833.20685,0.44095,0.47222,7.51,8.699,-0.08740716728151265
2021-12-24,2021-12-25,2021-12-28,MASKUSDT,TLMUSDT,-0.07864023007745335,-0.4939172749391727,0.11246678269677712,False,10,69347644.83070001,142676307.10715,12.1049,12.7858,0.2289,0.2464,-0.020202651020363227
2021-12-27,2021-12-28,2021-12-31,ARUSDT,ATAUSDT,0.04563301631620287,-0.3921649826072553,0.1316273751059921,False,12,56400148.9882,36091290.952700004,59.925,58.128,0.734,0.6434,0.09344575815136769
2021-12-30,2021-12-31,2022-01-03,ARUSDT,TLMUSDT,-0.021048377591055267,-0.5052928722653494,0.13394336058183656,False,12,53326488.202800006,114867257.05905,58.128,60.093,0.2104,0.2187,-0.005643962347681164
2022-01-02,2022-01-03,2022-01-06,ARUSDT,TLMUSDT,0.1281680621785004,-0.38290067720090293,0.16591544956050713,False,12,58095081.9237,104963904.52219999,60.093,56.223,0.2187,0.1904,0.06500082622278391
2022-01-05,2022-01-06,2022-01-09,CELOUSDT,RAYUSDT,0.3621520342612421,-0.31779613078402535,0.1969408623351061,False,12,40568078.6892,21413760.3637,5.09,4.534,6.032,5.244,0.021402813026009326
2022-01-08,2022-01-09,2022-01-12,CELOUSDT,GALAUSDT,0.21712292002147082,-0.36459154189650644,0.1887706688851465,False,12,41356675.26555,644496828.670125,4.534,4.525,0.31445,0.32098,-0.022751419760018043
2022-01-11,2022-01-12,2022-01-15,CELOUSDT,GALAUSDT,0.1781250000000001,-0.45723177889413236,0.18453722947240478,False,13,44894717.87535,600122215.443375,4.525,5.045,0.32098,0.32467,0.10342108370463499
2022-01-14,2022-01-15,2022-01-18,CELOUSDT,GALAUSDT,0.4538904899135445,-0.35140859140859126,0.21860696361631077,False,12,50326983.3548,537121475.4863651,5.045,4.551,0.32467,0.30427,-0.035085700955545085
2022-01-17,2022-01-18,2022-01-21,CELOUSDT,GALAUSDT,0.1329350261389095,-0.3453313253012048,0.14220327213596828,False,13,46719625.0787,478599258.05713,4.551,4.03,0.30427,0.26131,0.026710056121514336
2022-01-20,2022-01-21,2022-01-24,KLAYUSDT,GALAUSDT,0.09540060497944647,-0.4074603174603175,0.14244243039116247,False,14,19653477.267575,459326711.220435,1.4124,1.2322,0.26131,0.19603,0.1222339698134014
2022-01-23,2022-01-24,2022-01-27,KLAYUSDT,GALAUSDT,-0.052942984478254185,-0.584858110969928,0.12305237639676626,False,14,23536262.0573,442971673.68623,1.2322,1.2192,0.19603,0.21009,-0.082273951109196
2022-01-26,2022-01-27,2022-01-30,KLAYUSDT,GALAUSDT,-0.11097338680277058,-0.6086438152011924,0.11190687493900062,False,15,24218161.408040002,419791213.5876,1.2192,1.2116,0.21009,0.19221,0.07887278717819846
2022-01-29,2022-01-30,2022-02-02,KLAYUSDT,GALAUSDT,-0.0558241072820832,-0.5838619584749616,0.11133106952976134,False,15,27945977.747589998,401146399.01019,1.2116,1.1832,0.19221,0.20547,-0.09242712465314373
2022-02-01,2022-02-02,2022-02-05,KLAYUSDT,MASKUSDT,-0.1499999999999999,-0.5518775303282376,0.09397266381991579,False,15,27945977.747589998,36924306.12435,1.1832,1.1928,6.274,6.474,-0.023763999790500145
2022-02-04,2022-02-05,2022-02-08,KLAYUSDT,GALAUSDT,-0.11390147856452926,-0.4651138112166393,0.08848835041151397,False,15,23638358.0294,417000046.162575,1.1928,1.2547,0.20153,0.3479,-0.6743991504893667
2022-02-07,2022-02-08,2022-02-11,DYDXUSDT,CELOUSDT,0.15118180466775666,-0.22359426681367145,0.11907207883692648,False,15,146599753.1252,37083057.55705,7.745,7.672,3.522,3.125,0.10329460966372384
2022-02-10,2022-02-11,2022-02-14,ARPAUSDT,MASKUSDT,0.2632985183385961,-0.33381036825021504,0.15176720897016746,False,15,14297915.226115,31247922.025,0.10402,0.08652,6.425,5.869,-0.08169991254300846
2022-02-13,2022-02-14,2022-02-17,ARPAUSDT,CELOUSDT,0.003595870548660285,-0.4214073339940535,0.12151837815649265,False,15,18531827.275755003,34806987.07,0.08652,0.09002,2.92,3.001,0.012713348406259817
2022-02-16,2022-02-17,2022-02-20,ARPAUSDT,CELOUSDT,0.09226660191817415,-0.34058448692595034,0.1382172246347348,False,13,20565718.673625,29698285.4889,0.09002,0.08057,3.001,2.719,-0.011007994743069016
2022-02-19,2022-02-20,2022-02-23,ARPAUSDT,MASKUSDT,0.09734513274336298,-0.3609221466364323,0.13767526389048607,False,12,27187182.730115,30256958.5825,0.08057,0.07079,5.072,4.432,0.004797834357646469
2022-02-25,2022-02-26,2022-03-01,GALAUSDT,CELOUSDT,0.23029322162985544,-0.21400523560209417,0.12431870521285669,False,10,1226263773.63142,26193956.759099998,0.25848,0.26042,2.404,2.646,-0.09316014112453641
2022-02-28,2022-03-01,2022-03-04,GALAUSDT,ENSUSDT,0.35502835440403735,-0.23526187272636667,0.16997858910087893,False,10,1234616705.50012,38851518.461,0.26042,0.24342,15.348,14.293,0.003459433436218462
2022-03-03,2022-03-04,2022-03-07,GALAUSDT,ENSUSDT,0.1844948413470897,-0.2620682533945996,0.14736831217449098,False,10,1288212621.80435,34863798.8531,0.24342,0.21598,14.293,14.023,-0.09383660804109784
2022-03-06,2022-03-07,2022-03-10,GALAUSDT,CTSIUSDT,0.07122309294712825,-0.33950236479539386,0.14002422726960545,False,10,1288212621.80435,11468573.5174,0.21598,0.23257,0.3211,0.3203,0.07930410352943118
2022-03-09,2022-03-10,2022-03-13,ARUSDT,CTSIUSDT,-0.0700751429213371,-0.40063622754491024,0.10641733014393337,False,10,59650360.47125,11468573.5174,37.236,30.675,0.3203,0.2869,-0.0719232110888629
2022-03-12,2022-03-13,2022-03-16,KLAYUSDT,CTSIUSDT,-0.05171083097504503,-0.4382595060760486,0.11484058588843032,False,9,29610786.244455,11468573.5174,1.1058,1.0752,0.2869,0.3115,-0.11341643519599853
2022-03-15,2022-03-16,2022-03-19,1000XECUSDT,CTSIUSDT,-0.027543150936467198,-0.2952488687782806,0.08695866564953475,False,9,10782839.13281,12384249.86705,0.07945,0.08122,0.3115,0.3283,-0.03165442190339496
2022-03-18,2022-03-19,2022-03-22,CELOUSDT,CTSIUSDT,0.028323892035988063,-0.3089875815617765,0.10913832319847616,False,7,27994807.2287,14185899.3572,3.086,2.877,0.3283,0.3409,-0.10610474154548999
2022-03-21,2022-03-22,2022-03-25,ARUSDT,CTSIUSDT,0.1574833781298628,-0.18814003334127172,0.1164010686435063,False,7,59650360.47125,16153726.01915,32.727,32.868,0.3409,0.3887,-0.13590870321885506
2022-03-24,2022-03-25,2022-03-28,PEOPLEUSDT,KLAYUSDT,0.3168593064966121,-0.07186348341611914,0.12319329198711289,False,8,178296915.72391,18327007.104264997,0.06609,0.08036,1.1585,1.1802,0.19718657017643726
2022-03-27,2022-03-28,2022-03-31,ARUSDT,KLAYUSDT,0.2856068890103882,-0.031347447891022506,0.095686974150596,False,8,56898485.47755,17598683.109065,37.637,38.8,1.1802,1.2117,0.004210052253229568
2022-03-30,2022-03-31,2022-04-03,ENSUSDT,KLAYUSDT,0.25596246578913084,-0.02258793159083572,0.0943812406429623,False,6,55140517.862900004,17598683.109065,19.275,18.574,1.2117,1.1608,0.005638744677783469
2022-04-02,2022-04-03,2022-04-06,CTSIUSDT,KLAYUSDT,0.3009198423127464,-0.006502951997946482,0.11852316494946169,False,6,23059270.2622,17598683.109065,0.4953,0.4533,1.1608,1.1264,-0.055162358005360734
2022-04-05,2022-04-06,2022-04-09,CTSIUSDT,KLAYUSDT,0.4106475716064757,-0.004946996466430931,0.11511586175966869,False,8,23059270.2622,17200639.65203,0.4533,0.3625,1.1264,1.0709,-0.15103682919323946
2022-04-08,2022-04-09,2022-04-12,CTSIUSDT,PEOPLEUSDT,0.13237589759600388,-0.15052436767427513,0.07485776976776834,False,9,23059270.2622,170124699.88173997,0.3625,0.3363,0.05507,0.04964,0.02632591748433033
2022-04-11,2022-04-12,2022-04-15,CTSIUSDT,PEOPLEUSDT,0.1730635031402652,-0.07768072848912833,0.07452092553564402,False,8,21142411.54575,165476997.392485,0.3363,0.3563,0.04964,0.05224,0.0070935954453388295
2022-04-14,2022-04-15,2022-04-18,CTSIUSDT,ANTUSDT,0.14382022471910116,-0.04027149321266965,0.05936000593698018,False,8,18491117.648199998,22732101.1403,0.3563,0.335,4.243,4.186,-0.0463471922419445
2022-04-17,2022-04-18,2022-04-21,CTSIUSDT,PEOPLEUSDT,0.020408163265306145,-0.22390652139586287,0.06922061053487877,False,8,15848646.92615,151904532.75339,0.335,0.353,0.04916,0.05323,-0.02905954361633656
2022-04-20,2022-04-21,2022-04-24,CTSIUSDT,PEOPLEUSDT,0.035787621003226855,-0.14736504885471724,0.06536815261615334,False,7,14921519.737300001,157132496.384475,0.353,0.3338,0.05323,0.04869,0.03089931501490939
2022-04-23,2022-04-24,2022-04-27,LPTUSDT,PEOPLEUSDT,-0.06118143459915615,-0.2630145278450363,0.06630884857267764,False,7,10854808.2936,151904532.75339,26.251,23.459,0.04869,0.04219,0.027139785084539958
2022-04-26,2022-04-27,2022-04-30,LPTUSDT,PEOPLEUSDT,-0.19510772608755322,-0.4750466708151836,0.09105740288145356,False,6,11602818.01325,130138914.63553,23.459,23.411,0.04219,0.04195,0.0036424287663768817
2022-04-29,2022-04-30,2022-05-03,ENSUSDT,PEOPLEUSDT,-0.15559821521220307,-0.4808858097241123,0.11799916948577051,False,6,39207947.487900004,127652538.08612499,16.273,26.028,0.04195,0.03693,0.7191254963086262
2022-05-02,2022-05-03,2022-05-06,ENSUSDT,DUSKUSDT,0.40108736609786266,-0.5095274142965286,0.34665513701310696,True,4,40874594.7194,24770856.18751,26.028,18.932,0.22696,0.22862,-0.27994354010125155
2022-05-05,2022-05-06,2022-05-09,ENSUSDT,DUSKUSDT,0.004509283819628562,-0.47569364824581517,0.17053222989675854,False,6,40874594.7194,24356815.264845,18.932,17.005,0.22862,0.21073,-0.023533215571365673
2022-05-08,2022-05-09,2022-05-12,ENSUSDT,DUSKUSDT,0.12411558553197133,-0.41409814176032045,0.1931180240565447,True,6,63619678.857999995,22553420.85317,17.005,9.51,0.21073,0.12584,-0.03791496531574978
2022-05-11,2022-05-12,2022-05-15,ENSUSDT,PEOPLEUSDT,-0.30974671601712755,-0.7165021156558533,0.13995904417033345,False,6,180664363.62195,114544257.23993,9.51,9.634,0.01406,0.01699,-0.19535369671514458
2022-05-14,2022-05-15,2022-05-18,ENSUSDT,ROSEUSDT,-0.31151289930679626,-0.6803887688984882,0.11976975238310236,False,7,202394001.96725,47290815.64961,9.634,12.448,0.07397,0.08429,0.152574492759171
2022-05-17,2022-05-18,2022-05-21,ENSUSDT,PEOPLEUSDT,-0.09050401753104453,-0.6604272634791455,0.1788052465461745,True,7,261993758.71960002,114544257.23993,12.448,13.043,0.01669,0.0225,-0.3003137991131182
2022-05-20,2022-05-21,2022-05-24,ENSUSDT,ROSEUSDT,-0.10757762276022431,-0.711933976682241,0.18209178208501275,True,7,320343743.7954,65320912.848855,13.043,12.72,0.06598,0.06591,-0.02370331380171209
2022-05-23,2022-05-24,2022-05-27,ENSUSDT,ROSEUSDT,-0.0890862217129762,-0.6981270321014792,0.1698315825701869,False,8,320343743.7954,66380185.53439,12.72,10.396,0.06591,0.0635,-0.14613938961934947
2022-05-26,2022-05-27,2022-05-30,ENSUSDT,ROSEUSDT,-0.2746808065303844,-0.6992801666982382,0.1135070835582023,False,8,320343743.7954,66380185.53439,10.396,10.185,0.0635,0.06559,-0.053209653622077524
2022-05-29,2022-05-30,2022-06-02,IMXUSDT,ROSEUSDT,-0.3436123348017621,-0.6672414667545773,0.09539505112477646,False,8,55141633.01015,65027005.55416,1.0134,0.9617,0.06559,0.06764,-0.08227114494708276
2022-06-01,2022-06-02,2022-06-05,IMXUSDT,ROSEUSDT,-0.375130005200208,-0.6027727192621747,0.06769991180038376,False,7,56800584.437,63967732.868625,0.9617,0.9593,0.06764,0.0682,-0.010774705520672945
2022-06-04,2022-06-05,2022-06-08,DUSKUSDT,ROSEUSDT,-0.3838180625410016,-0.5920588411170244,0.07089792077578189,False,7,15141847.010345,62162336.590655,0.14089,0.15705,0.0682,0.06943,0.0966642202720911
2022-06-07,2022-06-08,2022-06-11,DUSKUSDT,API3USDT,-0.2549615421137593,-0.5362090680100755,0.10480629783006759,False,7,13528883.83913,17709984.915200002,0.15705,0.13266,1.474,1.455,-0.14241076461920676
2022-06-10,2022-06-11,2022-06-14,PEOPLEUSDT,FLOWUSDT,0.42999289267945984,-0.2481054365733114,0.21247481354438214,True,7,201471086.73804998,24751942.78,0.02012,0.01822,2.283,1.59,0.20911456360392178
2022-06-13,2022-06-14,2022-06-17,PEOPLEUSDT,GMTUSDT,0.07117647058823517,-0.6139641109298531,0.22456998971043668,True,8,230791960.255355,1695659423.7757,0.01822,0.02058,0.5915,0.5936,0.12597769536045322
2022-06-16,2022-06-17,2022-06-20,PEOPLEUSDT,GMTUSDT,0.2330736968244458,-0.6253866060720823,0.2685572691591032,True,9,296934030.242765,1362053264.36665,0.02058,0.02707,0.5936,0.7486,0.05423611493114766
2022-06-19,2022-06-20,2022-06-23,PEOPLEUSDT,FLOWUSDT,0.2032014228546022,-0.5023559260601667,0.22228345138025887,True,9,296934030.242765,24972323.18795,0.02707,0.02376,1.373,1.455,-0.1819988156195087
2022-06-22,2022-06-23,2022-06-26,PEOPLEUSDT,APEUSDT,-0.07512650836901524,-0.48696774193548387,0.16796991274912126,False,9,251263714.12904,402597172.30200005,0.02376,0.02648,3.975,4.553,-0.030930690553332196
2022-06-25,2022-06-26,2022-06-29,ANTUSDT,APEUSDT,0.14434250764526002,-0.2854228777655735,0.17525051215101706,False,8,22079265.839900002,384273956.5375,1.87,1.566,4.553,4.899,-0.2385606951284398
2022-06-28,2022-06-29,2022-07-02,API3USDT,FLOWUSDT,0.01782421634910869,-0.3358024691358025,0.10807993365579606,False,7,21371855.52195,25762919.26095,1.656,1.859,1.613,1.46,0.2174388498042774
2022-07-01,2022-07-02,2022-07-05,API3USDT,FLOWUSDT,0.14762198888202605,-0.41176470588235303,0.16335367165346448,False,7,25408865.7084,24972323.18795,1.859,2.082,1.46,1.605,0.020641897617661442
2022-07-04,2022-07-05,2022-07-08,API3USDT,FLOWUSDT,0.39611260053619324,-0.3520387565603552,0.21757887012119187,True,7,32371466.04305,24972323.18795,2.082,2.1,1.605,1.665,-0.028737644428882936
2022-07-07,2022-07-08,2022-07-11,API3USDT,FLOWUSDT,0.4256619144602851,-0.31494442157266367,0.21869218025063478,True,7,34565101.3525,24972323.18795,2.1,1.9,1.665,1.643,-0.08202488202488212
2022-07-10,2022-07-11,2022-07-14,API3USDT,FLOWUSDT,0.30652920962199315,-0.27957931638913236,0.17926385524380334,False,7,31678049.339050002,23861719.92365,1.9,1.747,1.643,1.513,-0.001402761315949408
2022-07-13,2022-07-14,2022-07-17,API3USDT,BNXUSDT,0.5164930555555558,-0.056216824835129575,0.21301614423427623,True,7,30914685.2671,20649326.6745,1.747,1.831,117.4,115.55,0.06384051901093046
2022-07-16,2022-07-17,2022-07-20,GMTUSDT,BNXUSDT,0.5698399326032013,-0.17353361945636625,0.21362123626311932,True,8,758400798.6415,19521305.854000002,0.9316,1.0539,115.55,119.68,0.09553741612119238
2022-07-19,2022-07-20,2022-07-23,APEUSDT,BNXUSDT,0.4720135691785803,-0.1410320821072275,0.1998670968558031,True,9,352123199.3635,16857593.302,6.074,6.19,119.68,129.05,-0.05919431842393008
2022-07-22,2022-07-23,2022-07-26,APEUSDT,JASMYUSDT,0.5570925553319919,-0.03759398496240618,0.17695616880215753,False,9,364596520.40250003,40847123.74911,6.19,5.996,0.00896,0.00842,0.028926984768058883
2022-07-25,2022-07-26,2022-07-29,APEUSDT,WOOUSDT,0.3164251207729467,-0.20169523274327994,0.14189173395880436,False,9,418985910.6955,24699536.004095,5.996,6.921,0.17049,0.20016,-0.01975828920846645
2022-07-28,2022-07-29,2022-08-01,APEUSDT,JASMYUSDT,0.4127372933251685,-0.01388888888888884,0.10509763723558047,False,10,418985910.6955,38819654.72689,6.921,6.714,0.00922,0.0103,-0.14704563212781607
2022-07-31,2022-08-01,2022-08-04,APEUSDT,API3USDT,0.48157139704259566,0.046824542518837386,0.12738972149063563,False,10,378190948.444,17283849.871799998,6.714,7.165,1.944,1.994,0.04145290658546541
2022-08-03,2022-08-04,2022-08-07,APEUSDT,JASMYUSDT,0.4563008130081301,-0.05350194552529164,0.13802864464577166,False,11,429884360.746,42809084.250165,7.165,7.261,0.00973,0.010063,-0.02082558457271655
2022-08-06,2022-08-07,2022-08-10,FLOWUSDT,JASMYUSDT,0.546875,-0.09342342342342336,0.19885362226704786,True,11,23692177.323349997,42809084.250165,2.573,2.997,0.010063,0.009874,0.18356986044275525
2022-08-09,2022-08-10,2022-08-13,FLOWUSDT,JASMYUSDT,0.8229927007299271,-0.06936852026390183,0.23838738785044886,True,11,34536227.58475,44044335.277431995,2.997,2.939,0.009874,0.010391,-0.07171241865050504
2022-08-12,2022-08-13,2022-08-16,APEUSDT,JASMYUSDT,0.5350666375355035,0.10681576144834914,0.14536828296715187,False,8,437799366.6095,44044335.277431995,7.025,6.209,0.010391,0.010721,-0.14791483596364385
2022-08-15,2022-08-16,2022-08-19,API3USDT,FTTUSDT,0.34006550218340603,0.10170097198399075,0.07689747904950499,False,9,17479632.7413,16275914.45425,2.455,2.112,30.829,29.897,-0.10948359187024614
2022-08-18,2022-08-19,2022-08-22,BNXUSDT,GALUSDT,0.15574866310160407,-0.16536708253358934,0.1016242537564373,False,9,13608950.264,60195497.2802,138.3,141.69,2.783,2.7653,0.030871973704619582
2022-08-21,2022-08-22,2022-08-25,BNXUSDT,APEUSDT,0.0977064931039826,-0.16200936843805525,0.09143220768083136,False,9,13608950.264,354064506.90900004,141.69,129.54,5.188,5.308,-0.108880882950949
2022-08-24,2022-08-25,2022-08-28,JASMYUSDT,GMTUSDT,0.08252080856123634,-0.1418122270742358,0.07363165811669638,False,8,46910500.830148,427974453.09825003,0.009104,0.008684,0.7861,0.685,0.08247602399243992
2022-08-27,2022-08-28,2022-08-31,JASMYUSDT,GMTUSDT,-0.059263271939328344,-0.3223189552829441,0.09587258328881432,False,8,45605367.404412,417021217.55425,0.008684,0.008655,0.685,0.6562,0.03870432072407681
2022-08-30,2022-08-31,2022-09-03,BNXUSDT,GALUSDT,-0.01468614879976149,-0.3639275658081683,0.10802752690653591,False,9,16744712.675,40462992.770500004,132.2,134.48,2.4629,2.4961,0.003766552215820562
2022-09-02,2022-09-03,2022-09-06,BNXUSDT,OPUSDT,0.05247082778604417,-0.38110552763819094,0.13559441658261956,False,9,17636588.915,430809555.56366,134.48,130.79,1.2316,1.1966,0.0009792932453519532
2022-09-05,2022-09-06,2022-09-09,BNXUSDT,WOOUSDT,0.03942452905174476,-0.38183370193613475,0.13803755371417933,False,9,17715871.224,19547123.06392,130.79,142.41,0.15936,0.1536,0.12498929121179281
2022-09-08,2022-09-09,2022-09-12,BNXUSDT,APEUSDT,0.11913555992141456,-0.359036488027366,0.14703110755729185,False,9,20229103.393,214709786.2865,142.41,156.82,4.497,5.672,-0.16009858689586332
2022-09-11,2022-09-12,2022-09-15,JASMYUSDT,WOOUSDT,-0.0930433945925141,-0.31512832244914946,0.07788276431769849,False,8,31684542.645961,14668577.689475,0.009426,0.00849,0.1646,0.14866,-0.0024589827933853003
2022-09-14,2022-09-15,2022-09-18,BNXUSDT,WOOUSDT,0.1662163149054261,-0.32810522509491946,0.14961448168221017,True,7,23961110.888,13397685.120945,159.7,139.76,0.14866,0.15056,-0.13763995302304444
2022-09-17,2022-09-18,2022-09-21,BNXUSDT,DARUSDT,0.010482938114517282,-0.19903248099516235,0.07458362298262523,False,7,29054824.8925,8772356.09111,139.76,161.77,0.2317,0.2037,0.27833018017940125
2022-09-20,2022-09-21,2022-09-24,BNXUSDT,JASMYUSDT,0.1421613609091552,-0.2528077982623437,0.12752894422964597,False,7,31597979.5165,31204616.708194003,161.77,158.72,0.007052,0.007172,-0.0358703776511482
2022-09-23,2022-09-24,2022-09-27,BNXUSDT,OPUSDT,0.22525860737995984,-0.22782126549249837,0.15831980310702465,True,7,40282897.535500005,242984276.636085,158.72,158.75,0.9471,0.922,0.026690965427995872
2022-09-26,2022-09-27,2022-09-30,BNXUSDT,JASMYUSDT,0.22692129271687023,-0.2131751698721639,0.14154208268904644,False,7,40282897.535500005,28084791.679876998,158.75,158.28,0.006832,0.00663,0.026606114809419434
2022-09-29,2022-09-30,2022-10-03,GALUSDT,JASMYUSDT,0.0658327579904967,-0.23408434430964753,0.09377003156922761,False,6,31424211.592150003,27966809.041113,2.6253,2.4767,0.00663,0.006343,-0.0133149704244101
2022-10-02,2022-10-03,2022-10-06,GALUSDT,OPUSDT,-0.007532353059016672,-0.31584930172133807,0.10647949470382458,False,6,31424211.592150003,183820970.67303,2.4767,2.6035,0.8427,0.8621,0.028175916259605804
2022-10-05,2022-10-06,2022-10-09,GALUSDT,OPUSDT,0.06180096334394625,-0.2795420357680094,0.11742758040512861,False,6,31424211.592150003,158261523.915335,2.6035,2.59,0.8621,0.8353,0.025901553428462898
2022-10-08,2022-10-09,2022-10-12,GALUSDT,JASMYUSDT,0.04016064257028096,-0.29380570912783477,0.12880586111207065,False,5,28728638.466799997,26876893.489755,2.59,2.4073,0.006259,0.005559,0.041298411368710375
2022-10-11,2022-10-12,2022-10-15,FTTUSDT,OPUSDT,-0.16633777044239528,-0.4725831786377267,0.12008007384314433,False,5,14108537.358199999,93856483.732895,23.235,23.421,0.7387,0.7172,0.03711034940641711
2022-10-14,2022-10-15,2022-10-18,GALUSDT,OPUSDT,-0.15493272706943473,-0.4096782157847091,0.11892457175847382,False,4,22598870.89125,90628157.47984001,2.2667,2.3411,0.7172,0.7641,-0.03257014904139299
2022-10-17,2022-10-18,2022-10-21,GALUSDT,JASMYUSDT,-0.11956072059874379,-0.387743213328673,0.11436521104110149,False,4,20571483.15445,24024830.789568,2.3411,2.0572,0.005255,0.004512,0.02012137308407025
2022-10-20,2022-10-21,2022-10-24,DARUSDT,OPUSDT,-0.10211094747177218,-0.26959930313588854,0.06914829192431086,False,3,5646759.921855,73357248.86039001,0.1828,0.1883,0.6708,0.8303,-0.20768826274907415
2022-10-23,2022-10-24,2022-10-27,DARUSDT,GALUSDT,-0.095581171950048,-0.27813012185562613,0.0803342356452183,False,3,5367140.13006,19516743.53525,0.1883,0.1977,2.0256,2.0596,0.03313518980417607
2022-10-26,2022-10-27,2022-10-30,OPUSDT,GALUSDT,0.20835140997830814,-0.2387182614480542,0.18253147272762582,True,3,78420141.892995,19516743.53525,1.1142,1.0834,2.0596,2.2007,-0.09615160027971337
2022-10-29,2022-10-30,2022-11-02,OPUSDT,GALUSDT,0.19805374322680525,-0.16209419295839056,0.1800739680925979,True,2,78420141.892995,20926471.2473,1.0834,1.0045,2.2007,2.0831,-0.019388745012988262
2022-11-01,2022-11-02,2022-11-05,OPUSDT,GALUSDT,0.19202468549727025,-0.15909733155706263,0.17556100852716644,True,2,86632285.1169,22556703.540799998,1.0045,1.3623,2.0831,2.4642,0.17324862276063246
2022-11-16,2022-11-17,2022-11-20,OPUSDT,INJUSDT,0.1744536055490118,-0.17228286663502623,0.173368236092019,True,2,214434529.43782002,74754551.13385,0.8974,0.9304,1.743,1.707,0.05742694423783845
2022-11-19,2022-11-20,2022-11-23,OPUSDT,INJUSDT,0.38700059630292194,-0.07829373650107996,0.23264716640200095,True,2,214434529.43782002,61153643.76935,0.9304,0.8619,1.707,1.6,-0.01094117792247895
2022-11-22,2022-11-23,2022-11-26,OPUSDT,INJUSDT,0.03793809466457909,-0.17364341085271318,0.10579075275864613,False,2,206036613.102375,54856677.84445,0.8619,0.9217,1.6,1.61,0.06313159879336339
2022-11-25,2022-11-26,2022-11-29,STGUSDT,INJUSDT,-0.1078391551584078,-0.2185526954832444,0.04542410115722467,False,3,21885519.7676,53545779.262150005,0.4393,0.4175,1.61,1.534,-0.00241943351435725
2022-11-28,2022-11-29,2022-12-02,OPUSDT,INJUSDT,-0.19595717186634665,-0.3298383573612932,0.062302309978618194,False,3,108991851.829785,35367692.44885,0.871,1.0571,1.534,1.689,0.11261943217420067
2022-12-01,2022-12-02,2022-12-05,STGUSDT,INJUSDT,-0.1308697427521437,-0.3245403677058353,0.09683531247684579,False,2,15603945.174649999,33354793.9225,0.4258,0.4277,1.689,1.629,0.03998616750665562
2022-12-04,2022-12-05,2022-12-08,STGUSDT,INJUSDT,-0.16906335017489305,-0.39852398523985244,0.1147303175324797,False,2,12778875.16935,22220942.8341,0.4277,0.4002,1.629,1.587,-0.03851471595682243
2022-12-07,2022-12-08,2022-12-11,STGUSDT,INJUSDT,-0.1801229508196721,-0.40717220769518114,0.09326602717349268,False,3,11509687.59035,16495959.441,0.4002,0.4063,1.587,1.664,-0.03327683984094909
2022-12-10,2022-12-11,2022-12-14,STGUSDT,1000LUNCUSDT,-0.0053829214582824525,-0.12094698919197111,0.04237996227082759,False,5,9358516.5002,49796625.006,0.4063,0.3943,0.1708,0.1681,-0.013726863953620327
2022-12-13,2022-12-14,2022-12-17,STGUSDT,INJUSDT,0.0492283129324107,-0.09492273730684331,0.04762061810997993,False,5,8411446.54185,14043028.72355,0.3943,0.3518,1.639,1.406,0.034373903784821636
2022-12-16,2022-12-17,2022-12-20,STGUSDT,1000LUNCUSDT,-0.11716006021073766,-0.23184357541899436,0.04025428550910222,False,5,8128429.82915,37719878.58535,0.3518,0.3697,0.1375,0.1303,0.10324481885368753
2022-12-19,2022-12-20,2022-12-23,STGUSDT,LUNA2USDT,-0.10126274890723652,-0.2645392186101998,0.05831946990102905,False,5,7980258.759749999,16931531.0464,0.3697,0.3724,1.233,1.2701,-0.022785994474816773
2022-12-22,2022-12-23,2022-12-26,CVXUSDT,LDOUSDT,-0.09210860187769598,-0.20276046304541406,0.03442367129704348,False,7,5476391.2145,9393629.1879,3.578,3.603,0.8953,0.9685,-0.07477316015310564
2022-12-25,2022-12-26,2022-12-29,1000LUNCUSDT,INJUSDT,-0.08391167192429028,-0.18520820385332504,0.03356271200314811,False,7,37719878.58535,9774207.02505,0.1453,0.1472,1.312,1.254,0.05728371074144323
2022-12-28,2022-12-29,2023-01-01,1000LUNCUSDT,CVXUSDT,-0.07187894073139967,-0.18900430706865978,0.040622573271612596,False,7,39367657.6897,4432075.1145,0.1472,0.1448,3.201,3.198,-0.015367140703312687
2022-12-31,2023-01-01,2023-01-04,LDOUSDT,INJUSDT,-0.1393057313324897,-0.24615384615384617,0.041639465379984274,False,7,11049241.394049998,8324751.4487,0.9524,1.201,1.274,1.305,0.2366919694573144
2023-01-03,2023-01-04,2023-01-07,LDOUSDT,SPELLUSDT,0.0863862505653552,-0.2125568431861522,0.0986048851845851,False,7,13918581.7007,5643995.26436955,1.201,1.5175,0.0005367,0.0005516,0.23576814054867334
2023-01-06,2023-01-07,2023-01-10,LDOUSDT,CVXUSDT,0.5105006469592914,-0.2005700958797616,0.22735049429206639,True,7,17832354.67905,4394985.169,1.5175,1.9414,3.085,3.387,0.18144799062263872
2023-01-09,2023-01-10,2023-01-13,LDOUSDT,INJUSDT,0.8968246213971665,-0.14612146722790142,0.3426108502133827,True,7,25260558.772749998,6048895.75145,1.9414,2.0511,1.42,1.528,-0.019550723523172886
2023-01-12,2023-01-13,2023-01-16,LDOUSDT,CVXUSDT,0.8200372703877896,-0.11975155279503114,0.3014930734584116,True,7,36299236.535500005,4743899.736,2.0511,2.222,3.542,4.409,-0.1614558174166698
2023-01-15,2023-01-16,2023-01-19,LDOUSDT,INJUSDT,1.19258089976322,0.17709815078236146,0.31923247695779544,True,7,103383202.28275,6048895.75145,2.222,1.9721,1.655,1.48,-0.006726065355780242
2023-01-18,2023-01-19,2023-01-22,LDOUSDT,INJUSDT,1.0773038441284886,0.13420245398773,0.33231676811301736,True,9,155899052.51865,6276361.26245,1.9721,2.3962,1.48,1.733,0.04410400081131782
2023-01-21,2023-01-22,2023-01-25,APTUSDT,INJUSDT,2.172718933793773,0.3047404063205419,0.6620764180373928,True,9,191911803.642415,7205354.2345,11.7594,12.3159,1.733,1.837,-0.01268769762768307
2023-01-24,2023-01-25,2023-01-28,APTUSDT,1000LUNCUSDT,2.444680613043965,0.17148760330578527,0.6908625932411655,True,9,839149564.53196,98371548.7283,12.3159,17.757,0.17,0.1726,0.42650063547695205
2023-01-27,2023-01-28,2023-01-31,APTUSDT,1000LUNCUSDT,4.498235075551152,0.17323369565217384,1.2339755053236483,True,9,1141327241.18272,89879665.82885,17.757,17.1906,0.1726,0.1646,0.01445266211663554
2023-01-30,2023-01-31,2023-02-03,APTUSDT,1000LUNCUSDT,3.9876690071374687,0.13526570048309172,1.0948678746681786,True,9,1618772446.7174149,75793152.54265001,17.1906,17.2178,0.1646,0.1694,-0.0275793438158487
2023-02-02,2023-02-03,2023-02-06,APTUSDT,1000LUNCUSDT,3.50990099009901,0.08595253367543298,0.9745122294590961,True,9,1810637354.281805,70122800.10895,17.2178,15.4316,0.1694,0.1814,-0.1745797295001662
2023-02-05,2023-02-06,2023-02-09,APTUSDT,1000LUNCUSDT,3.000259241976461,0.16217948717948705,0.8506550127200051,True,9,1810637354.281805,70122800.10895,15.4316,15.0866,0.1814,0.1809,-0.019600382988236964
2023-02-08,2023-02-09,2023-02-12,APTUSDT,1000LUNCUSDT,1.8960148961492687,0.06666666666666643,0.6512361527069653,True,9,1810637354.281805,70122800.10895,15.0866,13.877,0.1809,0.1679,-0.008314203129766384
2023-02-11,2023-02-12,2023-02-15,INJUSDT,1000LUNCUSDT,1.225278323510151,-0.0035629453681709222,0.44428784230547946,True,9,76876346.3919,63517537.850150004,3.398,3.488,0.1679,0.1697,0.015765501270585958
2023-02-14,2023-02-15,2023-02-18,APTUSDT,LUNA2USDT,0.8594295949644917,-0.0976757727206562,0.337756125332602,True,8,1538458241.13567,49016131.8679,14.741,14.735,1.8593,1.9008,-0.02272725605990711
2023-02-17,2023-02-18,2023-02-21,STGUSDT,LUNA2USDT,1.7460793357933584,0.024193113853117065,0.5447410456569073,True,8,86544057.80125,48153992.2634,1.1907,1.1327,1.9008,1.8676,-0.031244512395306012
2023-02-20,2023-02-21,2023-02-24,STGUSDT,LUNA2USDT,1.3225343448841502,-0.15613702096890825,0.42995532932313296,True,8,112558093.30835,45644995.0655,1.1327,1.0799,1.8676,1.7839,-0.0017974071774288225
2023-02-23,2023-02-24,2023-02-27,SPELLUSDT,LUNA2USDT,0.26218820861677994,-0.12876605302993305,0.16269940047344603,True,7,12018547.176919151,34532979.877,0.0008905,0.0008483,1.7839,1.7375,-0.02137868064970294
2023-02-26,2023-02-27,2023-03-02,LDOUSDT,APTUSDT,0.3035505430242271,-0.2885099481334227,0.18079821200622695,True,7,230724343.57099998,1127617518.89188,3.1204,3.0199,12.633,13.443,-0.09632519605549006
2023-03-01,2023-03-02,2023-03-05,LDOUSDT,APTUSDT,0.4590742172400464,-0.21799831302172712,0.20185084500152978,True,7,244755055.7814,954990838.603365,3.0199,2.5521,13.443,11.257,0.007706720505572862
2023-03-04,2023-03-05,2023-03-08,LDOUSDT,APTUSDT,0.12497244875468372,-0.34620366014438464,0.1368452254845442,True,7,265520060.0674,688112351.8555,2.5521,2.5507,11.257,11.12,0.011621637359562342
2023-03-07,2023-03-08,2023-03-11,LDOUSDT,LUNA2USDT,0.24578713427441023,-0.28293081882035986,0.1840102300728704,True,6,279100922.0825,25600656.564999998,2.5507,2.3041,1.4904,1.2984,0.0321451337250922
2023-03-10,2023-03-11,2023-03-14,LDOUSDT,APTUSDT,-0.10150522539385431,-0.2853213137573327,0.07052658094607445,False,4,289108432.54285,617100931.39302,2.3041,2.6714,10.782,12.309,0.01778655343694635
2023-03-13,2023-03-14,2023-03-17,LDOUSDT,APTUSDT,0.12841091492776902,-0.11305663640293995,0.08989172128117742,False,4,293268970.44474995,617100931.39302,2.6714,2.3896,12.309,12.342,-0.1081687243748245
2023-03-16,2023-03-17,2023-03-20,LDOUSDT,APTUSDT,-0.07001089663760895,-0.1628112068380707,0.04009645424687457,False,4,300016858.17069995,617100931.39302,2.3896,2.471,12.342,13.025,-0.021275212628026674
2023-03-19,2023-03-20,2023-03-23,QNTUSDT,LDOUSDT,-0.06617594511541502,-0.18446153338394,0.04505111025551641,False,4,11287660.433,295393550.37335,130.69,124.54,2.471,2.3666,-0.004807822156403629
2023-03-22,2023-03-23,2023-03-26,APTUSDT,QNTUSDT,-0.0777074542897328,-0.10977701543739271,0.016034780573829954,False,2,589720496.146865,11680888.850499999,13.114,11.58,124.54,121.58,-0.09320676174948794
2023-03-25,2023-03-26,2023-03-29,QNTUSDT,APTUSDT,-0.09571619812583676,-0.13870295998810056,0.0214933809311319,False,2,10805820.083,589720496.146865,121.58,121.2,11.58,11.259,0.024594693189072814
2023-03-28,2023-03-29,2023-04-01,QNTUSDT,APTUSDT,-0.07232511862850144,-0.10891245844546471,0.018293669908481636,False,2,10805820.083,589720496.146865,121.2,124.89,11.259,11.377,0.01996504006915467
2023-03-31,2023-04-01,2023-04-04,QNTUSDT,APTUSDT,-0.017155898323758523,-0.15368593319943458,0.06826501743783803,False,2,10412874.660999998,545044615.526525,124.89,123.25,11.377,11.333,-0.009264103892483555
2023-04-03,2023-04-04,2023-04-07,APTUSDT,QNTUSDT,0.006751354712623225,-0.015732311132406918,0.011241832922515071,False,2,518625473.488135,10223676.2215,11.333,11.454,123.25,121.15,0.027715324165064503
2023-04-06,2023-04-07,2023-04-10,APTUSDT,QNTUSDT,0.0299433504181279,-0.010212418300653558,0.02007788435939073,False,2,518625473.488135,9731960.954,11.454,11.064,121.15,121.43,-0.036360424922068146
2023-04-09,2023-04-10,2023-04-13,APTUSDT,QNTUSDT,0.026154702281580455,0.013604874384441912,0.006274913948569272,False,2,457093080.646545,8683960.9445,11.064,11.356,121.43,121.67,0.024415454327137764
2023-04-12,2023-04-13,2023-04-16,QNTUSDT,APTUSDT,-0.03689043698543382,-0.07742302380372079,0.020266293409143488,False,2,7380422.716,359232947.127835,121.67,119.02,11.356,12.571,-0.12877212375513925
2023-04-15,2023-04-16,2023-04-19,APTUSDT,QNTUSDT,0.01871809415768566,-0.03946731234866829,0.029092703253176977,False,2,318094883.98473,7127729.8295,12.571,12.731,119.02,118.24,0.01928122704309898
2023-04-18,2023-04-19,2023-04-22,FETUSDT,QNTUSDT,0.012395709177592362,-0.09550776765898827,0.05395173841829032,False,2,52595002.585999995,7127729.8295,0.4247,0.3331,118.24,107.7,-0.12654092692350227
2023-04-21,2023-04-22,2023-04-25,FXSUSDT,FETUSDT,0.026966010284710906,-0.12087622063869097,0.07392111546170094,False,2,23447280.98845,52595002.585999995,8.189,8.241,0.3331,0.3317,0.010552923742186637
2023-04-24,2023-04-25,2023-04-28,FXSUSDT,FETUSDT,0.06859439834024905,-0.08798460269452857,0.06689301294991615,False,3,23447280.98845,46796903.0395,8.241,8.396,0.3317,0.3437,-0.01736887157702527
2023-04-27,2023-04-28,2023-05-01,FXSUSDT,MAGICUSDT,0.039104071278307284,-0.13312330573668396,0.06924464174589705,False,4,24139045.77675,60125300.19788,8.396,7.644,1.1833,1.156,-0.06649538779457664
2023-04-30,2023-05-01,2023-05-04,HOOKUSDT,MAGICUSDT,0.04249448123620314,-0.1777382645803699,0.08395128988853598,False,4,47990646.46875,52654564.47557,1.889,1.868,1.156,1.1404,0.0023778165705293786
2023-05-03,2023-05-04,2023-05-07,HOOKUSDT,TUSDT,0.07418056354226565,-0.15309710576142832,0.07974220007119465,False,5,47990646.46875,9226526.602575,1.868,1.619,0.03132,0.03169,-0.14511118221522135
2023-05-06,2023-05-07,2023-05-10,RNDRUSDT,MAGICUSDT,0.592218137254902,-0.2415671641791045,0.2900826981714876,True,6,239999560.389575,43105955.14419,2.0789,1.7379,1.0162,0.8373,0.012018968216362058
2023-05-09,2023-05-10,2023-05-13,RNDRUSDT,MAGICUSDT,0.33174955935320716,-0.35772919064058306,0.19916111127865826,True,8,246419089.75163502,44864220.40063,1.7379,1.8175,0.8373,0.8683,0.008778638331979893
2023-05-12,2023-05-13,2023-05-16,RNDRUSDT,MAGICUSDT,0.13994479989963615,-0.3236485433868205,0.13841415068165586,True,8,246419089.75163502,47061951.69067,1.8175,1.7937,0.8683,0.8581,-0.0013478185725842584
2023-05-15,2023-05-16,2023-05-19,RNDRUSDT,MAGICUSDT,0.0715736647150198,-0.4337381203801479,0.13717486730872228,True,9,246419089.75163502,42451536.63695,1.7937,2.3911,0.8581,0.9037,0.27991392032182016
2023-05-18,2023-05-19,2023-05-22,RNDRUSDT,FETUSDT,0.17931136543014992,-0.4193548387096774,0.14987677552325465,True,12,253893770.986085,41138054.652150005,2.3911,2.4608,0.2467,0.2428,0.04495843821052614
2023-05-21,2023-05-22,2023-05-25,RNDRUSDT,FETUSDT,0.5103731892953598,-0.2710897628339839,0.19180389068124207,True,13,262259550.414785,41138054.652150005,2.4608,2.6337,0.2428,0.2315,0.11680206594927423
2023-05-24,2023-05-25,2023-05-28,RNDRUSDT,FETUSDT,0.48628668171557576,-0.30208019294543254,0.18334409934978152,True,16,285247417.28341997,41138054.652150005,2.6337,2.64,0.2315,0.255,-0.09911980705969992
2023-05-27,2023-05-28,2023-05-31,RNDRUSDT,HOOKUSDT,0.1289398280802294,-0.29916214884179404,0.10948651531492229,False,17,273015223.58779,25771893.752049997,2.64,2.5688,1.422,1.462,-0.055099092187699816
2023-05-30,2023-05-31,2023-06-03,RNDRUSDT,HOOKUSDT,0.07643312101910826,-0.2265749073583907,0.08801204436472461,False,18,252156105.79539,24923976.60335,2.5688,2.5696,1.462,1.496,-0.022944384492261438
2023-06-02,2023-06-03,2023-06-06,RNDRUSDT,STXUSDT,0.1282220173011901,-0.23685192092502794,0.1029405687645287,False,18,210561954.55681002,62645051.57275,2.5696,2.2762,0.6137,0.5436,4.3995944814190224e-05
2023-06-05,2023-06-06,2023-06-09,RNDRUSDT,TRUUSDT,0.0950067346546084,-0.2715840840840842,0.09571623005406418,False,20,207883764.021605,15837156.260650001,2.2762,2.2652,0.03881,0.04059,-0.05069708368375281
2023-06-08,2023-06-09,2023-06-12,RNDRUSDT,TUSDT,0.30348716768327777,-0.23555404486743714,0.12108683424868305,False,21,204173747.30726498,6537745.95748,2.2652,1.9548,0.02248,0.01842,0.04357513936692137
2023-06-11,2023-06-12,2023-06-15,RNDRUSDT,PERPUSDT,0.07566169592252248,-0.35459751829462305,0.10808385004863642,False,21,204173747.30726498,3673891.368415,1.9548,1.807,0.4057,0.4011,-0.06427033051978415
2023-06-14,2023-06-15,2023-06-18,RNDRUSDT,CFXUSDT,0.007247992863514741,-0.38488453463960803,0.10447336471322932,False,21,204173747.30726498,258641520.8132,1.807,2.0846,0.1759,0.1866,0.09279477541856851
2023-06-17,2023-06-18,2023-06-21,USDCUSDT,CFXUSDT,0.0009606340184520334,-0.3644414168937331,0.08552826004045364,False,21,3578464.22644,216333757.8758,1.0003,0.99954,0.1866,0.2177,-0.16742643873504626
2023-06-20,2023-06-21,2023-06-24,STXUSDT,LQTYUSDT,0.17274291973087164,-0.2956160664377545,0.1007913521001332,False,21,60258471.5609,14333473.74219,0.7493,0.7657,0.8821,0.9473,-0.05202742754137324
2023-06-23,2023-06-24,2023-06-27,STXUSDT,HIGHUSDT,0.2964092140921408,-0.3125643666323378,0.12974815417820904,True,23,67484108.55725,56216799.96675,0.7657,0.7327,1.336,1.286,-0.005672669288561472
2023-06-26,2023-06-27,2023-06-30,STXUSDT,HIGHUSDT,0.20708401976935753,-0.411522633744856,0.13111157849619146,True,23,98105035.98835,48339937.373050004,0.7327,0.6843,1.286,1.205,-0.0030710461594040117
2023-06-29,2023-06-30,2023-07-03,STXUSDT,IDUSDT,0.09382992327365725,-0.4330839567747299,0.12347976275232324,True,26,125945177.41215,52081631.082949996,0.6843,0.6985,0.2728,0.2808,-0.008574380652275115
2023-07-02,2023-07-03,2023-07-06,STXUSDT,HIGHUSDT,0.1378299120234605,-0.4055343511450382,0.1256420235818391,True,26,142359464.8439,41650554.9885,0.6985,0.6712,1.246,1.248,-0.04068888733137166
2023-07-05,2023-07-06,2023-07-09,STXUSDT,AMBUSDT,0.23454746136865356,-0.3084714548802946,0.11159941152622793,False,28,146605332.93414998,17268558.647715,0.6712,0.6436,0.00751,0.0068,0.053420231110208216
2023-07-08,2023-07-09,2023-07-12,GMXUSDT,AMBUSDT,0.08458390177353325,-0.28691099476439785,0.08734039694605412,False,28,10479143.1214,16111773.02994,55.65,55.54,0.0068,0.00665,0.02008218381692306
2023-07-11,2023-07-12,2023-07-15,FXSUSDT,AMBUSDT,0.2823289070480084,-0.1097724230254351,0.1050410782261581,False,28,17950251.02725,16243242.693385,6.276,6.583,0.00665,0.00748,-0.07589552274567879
2023-07-14,2023-07-15,2023-07-18,LQTYUSDT,HIGHUSDT,0.5645712937846445,-0.04061738424045491,0.14819912612895483,True,29,18059436.7344,30796544.7131,1.3268,1.1984,1.181,1.156,-0.07560569227827696
2023-07-17,2023-07-18,2023-07-21,LQTYUSDT,AMBUSDT,0.4148069429684731,-0.1146732429099876,0.12847762237841473,True,28,18753824.39437,13971289.194825001,1.1984,1.1035,0.00719,0.0069,-0.038855121617882626
2023-07-20,2023-07-21,2023-07-24,LQTYUSDT,STXUSDT,0.25110531685749904,-0.1693128752501668,0.12063938598897976,True,27,22108999.183125,108599192.0025,1.1035,1.0842,0.6228,0.6251,-0.021182804523122045
2023-07-23,2023-07-24,2023-07-27,RDNTUSDT,CFXUSDT,0.1831238779174147,-0.27172630751081406,0.1106320203705771,False,26,30720156.65935,174630983.69905,0.3295,0.3037,0.1853,0.1736,-0.015159602563861063
2023-07-26,2023-07-27,2023-07-30,XVSUSDT,AMBUSDT,0.14365226610124582,-0.23032407407407407,0.11370038536316103,False,25,6168860.8182500005,12486270.59544,4.314,4.47,0.00665,0.00689,7.110962385081798e-05
2023-07-29,2023-07-30,2023-08-02,LQTYUSDT,JOEUSDT,0.2578326782706346,-0.12835349815886377,0.10814733658079359,False,27,35952880.68519,9563254.839000002,1.1201,1.0754,0.3314,0.3266,-0.025423143905215717
2023-08-01,2023-08-02,2023-08-05,ASTRUSDT,PHBUSDT,0.23066516347237864,-0.22083819903983393,0.09165038194185365,False,28,7006116.699615,9563029.803100001,0.05458,0.05056,0.6005,0.5655,-0.015368590178759467
2023-08-04,2023-08-05,2023-08-08,ASTRUSDT,1000PEPEUSDT,0.1441502602398732,-0.30111434108527124,0.0978143401063306,False,29,8401271.793165,267643191.5604552,0.05056,0.05302,0.001154,0.001116,0.08158400609876482
2023-08-07,2023-08-08,2023-08-11,ASTRUSDT,1000PEPEUSDT,0.23526671325413462,-0.28077071787601493,0.10440291025290528,False,27,14149123.19825,258077894.96482152,0.05302,0.05358,0.001116,0.0012329,-0.09418705188682441
2023-08-10,2023-08-11,2023-08-14,ASTRUSDT,1000PEPEUSDT,0.2612994350282487,-0.17798813412439174,0.08736558836032358,False,29,17883798.662675,262078465.27022237,0.05358,0.05891,0.0012329,0.0013648,-0.007506117808832924
2023-08-13,2023-08-14,2023-08-17,ASTRUSDT,LQTYUSDT,0.32553430821147344,-0.252826775214835,0.11054891515019638,True,29,21831747.917365,35424107.672134995,0.05891,0.05569,0.9912,0.8771,0.06045334403624414
2023-08-16,2023-08-17,2023-08-20,CKBUSDT,GMXUSDT,0.023313316849169707,-0.29497424968922037,0.09287441703127741,False,26,3841211.5339155,15455006.24645,0.002897,0.002781,39.71,38.29,-0.004282167565036188
2023-08-19,2023-08-20,2023-08-23,USDCUSDT,BLURUSDT,0.00019009504752376394,-0.32910271546635184,0.0906985428280771,False,25,1960225.6146200001,13363683.68195,0.99969,0.99995,0.2273,0.2125,0.06537226716260924
2023-08-22,2023-08-23,2023-08-26,LEVERUSDT,BLURUSDT,0.10548172757475083,-0.3607099879663056,0.1065691810330057,False,23,6430854.698757499,12714723.6196,0.001331,0.001211,0.2125,0.2033,-0.0468636584611305
2023-08-25,2023-08-26,2023-08-29,LEVERUSDT,1000PEPEUSDT,0.043965517241379315,-0.3378885718576363,0.1108139938807433,True,22,11327939.15176,253956451.5380685,0.001211,0.001347,0.0008817,0.0008576,0.1396374412578658
2023-08-28,2023-08-29,2023-09-01,LEVERUSDT,1000PEPEUSDT,0.1196013289036546,-0.36296791443850274,0.1267979687812184,True,21,32850541.150725,285359968.1811686,0.001347,0.001319,0.0008576,0.0008033,0.04252929741603795
2023-08-31,2023-09-01,2023-09-04,AMBUSDT,1000PEPEUSDT,0.11289355322338834,-0.38307349665924284,0.12260799681866878,True,22,16278895.554715,285359968.1811686,0.007423,0.007676,0.0008033,0.0008023,0.03532811968090854
2023-09-03,2023-09-04,2023-09-07,AMBUSDT,BLURUSDT,0.22635782747603828,-0.3772374197906112,0.13688800713804505,True,21,19882045.619768,17987078.599,0.007676,0.008028,0.1845,0.1936,-0.0034652759242548292
2023-09-06,2023-09-07,2023-09-10,LEVERUSDT,BLURUSDT,0.2369747899159662,-0.33044982698961933,0.14172599457987933,True,20,61261364.622421,18870209.46385,0.001471,0.001416,0.1936,0.1869,-0.0027820929148104634
2023-09-09,2023-09-10,2023-09-13,AMBUSDT,1000PEPEUSDT,0.28434108527131774,-0.36282539939988645,0.15050971741758598,True,18,20798726.350505,234496947.80680695,0.008284,0.00757,0.0007857,0.0006714,0.0592851260216497
2023-09-12,2023-09-13,2023-09-16,AMBUSDT,1000PEPEUSDT,0.06022408963585435,-0.5080597889800704,0.1362383038491007,True,18,20798726.350505,220944148.9890617,0.00757,0.008534,0.0006714,0.0006838,0.10887591101855798
2023-09-15,2023-09-16,2023-09-19,AMBUSDT,1000PEPEUSDT,0.30106707317073167,-0.4130117586473264,0.1719269768870491,True,18,21102769.780865,190754724.42206934,0.008534,0.007985,0.0006838,0.0006263,0.01975800323986654
2023-09-18,2023-09-19,2023-09-22,KEYUSDT,1000PEPEUSDT,0.249050703596158,-0.4478138222849083,0.1747328653291575,True,18,10100731.390430499,156356072.6118245,0.00559,0.005441,0.0006263,0.0006114,-0.002864224880941957
2023-09-21,2023-09-22,2023-09-25,LEVERUSDT,1000PEPEUSDT,0.3215627347858754,-0.4297304858714912,0.18980464126586472,True,17,41692840.454116,131688174.61657125,0.001759,0.001861,0.0006114,0.0006759,-0.047508091012100406
2023-09-24,2023-09-25,2023-09-28,LEVERUSDT,1000PEPEUSDT,0.5375722543352599,-0.23361306418689043,0.20142308530803146,True,17,41692840.454116,131688174.61657125,0.001861,0.001914,0.0006759,0.0007353,-0.05940351070505323
2023-09-27,2023-09-28,2023-10-01,XVSUSDT,BLURUSDT,0.31175616835994213,-0.23462929475587702,0.15922433543811904,True,15,15375104.89095,12331871.524349999,4.521,4.713,0.1693,0.1787,-0.01305426027230272
2023-09-30,2023-10-01,2023-10-04,MAVUSDT,BLURUSDT,0.31235539102267484,-0.1316812439261419,0.12311873432382299,True,16,13122443.0357,11743721.83015,0.2835,0.2521,0.1787,0.1727,-0.0771825520193361
2023-10-03,2023-10-04,2023-10-07,XVSUSDT,NMRUSDT,0.4127338732197712,-0.3498196805770222,0.14811391841511204,True,16,17166493.80155,14224701.215,5.059,5.129,12.61,12.68,0.008285576744768486
2023-10-06,2023-10-07,2023-10-10,XVSUSDT,NMRUSDT,0.3833288373347721,-0.1384928716904278,0.12469544633346653,True,15,17961492.1734,12221047.3865,5.129,5.137,12.68,12.42,0.02206449009867184
2023-10-09,2023-10-10,2023-10-13,XVSUSDT,XVGUSDT,0.16989296287861522,-0.16228070175438603,0.08930946287424928,False,15,17534614.500299998,7791646.8278805,5.137,4.478,0.003246,0.003243,-0.1273607768222783
2023-10-12,2023-10-13,2023-10-16,COMBOUSDT,MDTUSDT,0.127719580983078,-0.09740978525570065,0.06714461559180568,False,14,6346163.64278,9775961.453445,0.5597,0.5408,0.04078,0.04147,-0.05068814890061901
2023-10-15,2023-10-16,2023-10-19,1000FLOKIUSDT,MDTUSDT,0.12096774193548399,-0.12083951664193338,0.060391760855544784,False,14,7435889.152615,8676552.468759999,0.01807,0.01836,0.04147,0.03822,0.09441860545805003
2023-10-18,2023-10-19,2023-10-22,1000FLOKIUSDT,SUIUSDT,0.16793893129770998,-0.14614525139664802,0.10596526561367635,False,14,8913134.249205,81853749.8463,0.01836,0.0239,0.3821,0.3905,0.2797591455087951
2023-10-21,2023-10-22,2023-10-25,1000FLOKIUSDT,SUIUSDT,0.5489306545690216,-0.11209640745793548,0.15833212827539697,True,14,12124205.568094999,94472424.76315999,0.0239,0.02566,0.3905,0.4344,-0.038779807027788715
2023-10-24,2023-10-25,2023-10-28,1000FLOKIUSDT,MDTUSDT,0.655907036797934,-0.016998434354730363,0.17294295836001755,True,15,15362563.150835,6257477.46093,0.02566,0.03442,0.04395,0.04522,0.31249090007865155
2023-10-27,2023-10-28,2023-10-31,1000FLOKIUSDT,MAVUSDT,1.2007672634271098,-0.07523770152955767,0.3041858086785947,True,17,25015325.564774998,12720025.91475,0.03442,0.03597,0.2236,0.2414,-0.034574481907698074
2023-10-30,2023-10-31,2023-11-03,1000FLOKIUSDT,MAVUSDT,0.9495934959349592,-0.14880112834978843,0.25340908423209646,True,16,34716043.241840005,12561892.6881,0.03597,0.03083,0.2414,0.2269,-0.08283057846004871
2023-11-02,2023-11-03,2023-11-06,1000FLOKIUSDT,MAVUSDT,0.739841986455982,-0.09956366521221727,0.23885779056781822,True,13,42317327.29592,12561892.6881,0.03083,0.03104,0.2269,0.2359,-0.032853503488829094
2023-11-05,2023-11-06,2023-11-09,AGLDUSDT,MAVUSDT,0.4140073899899226,-0.007154882154882136,0.12380778016714189,True,13,15442910.4976,11172038.2446,0.8421,0.8273,0.2359,0.251,-0.08158528364689521
2023-11-08,2023-11-09,2023-11-12,YGGUSDT,KEYUSDT,0.6633790737564325,0.09723275208491278,0.1576839452857952,True,13,34904685.01755001,6932246.6221515,0.388,0.4152,0.005789,0.006188,0.001179271743601884
2023-11-11,2023-11-12,2023-11-15,BNTUSDT,MDTUSDT,1.27710843373494,0.19524159921510909,0.2993380865930015,True,14,38167538.96515,8322183.958079999,1.1529,0.7943,0.04873,0.04764,-0.28867356984146386
2023-11-14,2023-11-15,2023-11-18,YGGUSDT,KEYUSDT,0.705223880597015,0.03708487084870837,0.19797282654666343,True,14,35773193.07055,11383702.9706635,0.4114,0.3847,0.005621,0.005547,-0.05173542302690337
2023-11-17,2023-11-18,2023-11-21,YGGUSDT,KEYUSDT,0.7363431151241535,-0.03864818024263439,0.1822881203276657,True,15,41644171.29025,10451685.4653845,0.3847,0.3853,0.005547,0.005476,0.014359368431283381
2023-11-20,2023-11-21,2023-11-24,YGGUSDT,KEYUSDT,0.6835664335664335,-0.0948603536605519,0.19531776321732014,True,16,41753637.065799996,8534364.7713995,0.3853,0.3541,0.005476,0.005253,-0.040252707375903696
2023-11-23,2023-11-24,2023-11-27,SEIUSDT,AGLDUSDT,0.8181818181818183,-0.16687860706250612,0.23572549583263017,True,15,52453076.809149995,23157600.1954,0.1999,0.2286,0.8519,0.9255,0.05717666909520025
2023-11-26,2023-11-27,2023-11-30,SEIUSDT,XVGUSDT,1.1514581373471304,-0.0389125799573562,0.27976362336997046,True,15,53462332.72765,7840610.936734499,0.2286,0.2534,0.003606,0.003514,0.13399947302760185
2023-11-29,2023-11-30,2023-12-03,SEIUSDT,XVGUSDT,1.2317180616740089,-0.11371659102370146,0.3081821043212408,True,15,70117801.5007,7734618.805116501,0.2534,0.2707,0.003514,0.003593,0.04579000493684293
2023-12-02,2023-12-03,2023-12-06,SEIUSDT,XVGUSDT,1.446654611211573,-0.045671800318640376,0.35983952013320775,True,14,181997381.04665,6895664.847171,0.2707,0.3096,0.003593,0.00382,0.08052311214259222
2023-12-05,2023-12-06,2023-12-09,SEIUSDT,XVGUSDT,1.6371379897785348,-0.025523226135783394,0.37734138613949253,True,14,206383316.93365002,6616986.1682130005,0.3096,0.2821,0.00382,0.003978,-0.13018554595018716
2023-12-08,2023-12-09,2023-12-12,SEIUSDT,XVGUSDT,1.2152395915161036,-0.04581434396737827,0.29424155936998453,True,14,208560363.83429998,6165179.137121,0.2821,0.2397,0.003978,0.0036,-0.055278687157245154
2023-12-11,2023-12-12,2023-12-15,SEIUSDT,BNTUSDT,0.8042168674698795,-0.3719316506201753,0.2600612775604632,True,14,208560363.83429998,17532600.19475,0.2397,0.2579,0.7241,0.7537,0.035049911915742804
2023-12-14,2023-12-15,2023-12-18,SEIUSDT,CYBERUSDT,0.7000659195781147,-0.09675218340611358,0.19398082744696216,True,14,199964754.0925,39930155.46175,0.2579,0.2331,6.618,6.146,-0.024840662153612802
2023-12-17,2023-12-18,2023-12-21,WLDUSDT,BNTUSDT,1.109613071371291,-0.07357728870946734,0.3034123578470202,True,15,176843809.3756,14956079.95455,4.2082,3.4979,0.7113,0.7149,-0.17385066183271225
2023-12-20,2023-12-21,2023-12-24,SEIUSDT,ARKUSDT,1.3555284056200363,-0.39226379201014583,0.4138077631418668,True,15,228741606.70545,36105186.284549996,0.3856,0.3739,0.9584,1.0416,-0.11715367590520864
2023-12-23,2023-12-24,2023-12-27,SEIUSDT,ARKUSDT,0.8699999999999999,-0.32147511076361734,0.2855279692947751,True,16,237681293.39735,29392934.21655,0.3739,0.5035,1.0416,0.9746,0.4109408591879753
2023-12-26,2023-12-27,2023-12-30,SEIUSDT,ARKUSDT,1.20201136860516,-0.26652115008279387,0.36659417916450865,True,17,247919545.3426,23961219.6718,0.5035,0.5515,0.9746,0.941,0.12980835363210663
2023-12-29,2023-12-30,2024-01-02,SEIUSDT,ARKUSDT,1.177260165811291,-0.11769670824345879,0.3199931895566657,True,16,258685238.1908,18747276.71585,0.5515,0.7101,0.941,0.9691,0.257717480005742
2024-01-01,2024-01-02,2024-01-05,SEIUSDT,ARKUSDT,1.6241685144124167,-0.14471128377185238,0.4169816201225392,True,16,291185004.9637,16537991.71125,0.7101,0.7718,0.9691,0.8423,0.2177322207921727
2024-01-04,2024-01-05,2024-01-08,SEIUSDT,ARKUSDT,1.4928940568475455,-0.20819625904690287,0.3805150828400834,True,15,334145253.9423,16325968.43315,0.7718,0.6772,0.8423,0.7257,0.015859873800918467
2024-01-07,2024-01-08,2024-01-11,SEIUSDT,ARKUSDT,1.4014184397163123,-0.3232247830549595,0.37681411964345574,True,15,450778051.20085,16165104.0045,0.6772,0.7411,0.7257,0.8133,-0.02635191180668306
2024-01-10,2024-01-11,2024-01-14,SEIUSDT,BIGTIMEUSDT,2.0930717863105173,-0.34572670207629164,0.5015573776653722,True,18,525018384.95335,157986570.40225,0.7411,0.7235,0.4066,0.4182,-0.05227774907920257
2024-01-13,2024-01-14,2024-01-17,SEIUSDT,BIGTIMEUSDT,1.8057386583947266,-0.42139496263492937,0.44180105904919575,True,19,527581650.02989995,145020581.7587,0.7235,0.7726,0.4182,0.4339,0.030322701332627267
2024-01-16,2024-01-17,2024-01-20,SEIUSDT,WLDUSDT,2.3144573144573144,-0.3458459053004206,0.5427601190372062,True,22,533857844.492,155150883.67855,0.7726,0.706,2.7533,2.5153,0.00023929113412102243
2024-01-19,2024-01-20,2024-01-23,PENDLEUSDT,BIGTIMEUSDT,1.0604589165000475,-0.3455997222704391,0.344704340508546,True,24,23570842.5269,102328936.67265,2.1644,1.995,0.3769,0.3365,0.0289237419583811
2024-01-22,2024-01-23,2024-01-26,PENDLEUSDT,BIGTIMEUSDT,0.682865097443685,-0.4176908429980959,0.28239206184466215,True,23,30641608.5931,81378180.79475,1.995,2.4478,0.3365,0.3335,0.2358827231526066
2024-01-25,2024-01-26,2024-01-29,BSVUSDT,BIGTIMEUSDT,0.3597597597597597,-0.4248016557433597,0.16334166466448877,True,24,100897821.414,74280039.52309999,67.92,71.55,0.3335,0.3507,0.0018710167884254947
2024-01-28,2024-01-29,2024-02-01,SEIUSDT,BIGTIMEUSDT,0.1893019038984589,-0.3497125903949564,0.12561589149347566,False,23,451588016.43285,63798740.50235,0.6559,0.6497,0.3507,0.3333,0.04016239513654518
2024-01-31,2024-02-01,2024-02-04,TIAUSDT,BSVUSDT,0.15607377903407738,-0.33727185398655135,0.11071835714947717,False,27,377868562.27065,46658332.9605,16.1959,17.7267,68.98,73.61,0.027396843708987095
2024-02-03,2024-02-04,2024-02-07,TIAUSDT,POWRUSDT,0.1337712005320919,-0.4852020970742432,0.11178475554895775,False,29,318729179.91770005,35376799.46625,17.7267,17.4165,0.3045,0.3,-0.0027207017684854895
2024-02-06,2024-02-07,2024-02-10,TIAUSDT,POWRUSDT,0.2168597258513003,-0.39123376623376627,0.12405703244625906,False,30,258326538.63315,27752898.496349998,17.4165,19.7288,0.3,0.3064,0.11143157350788035
2024-02-09,2024-02-10,2024-02-13,TIAUSDT,POWRUSDT,0.21001373761161823,-0.23869846000993544,0.09380879890037135,False,30,252672419.14034998,20382461.28215,19.7288,19.6836,0.3064,0.3965,-0.29635111908603373
2024-02-12,2024-02-13,2024-02-16,ARKUSDT,CAKEUSDT,0.10637509266123057,-0.12176297349446541,0.054064171309671505,False,32,14917490.4849,9873299.34825,0.8953,0.8932,2.5944,2.7957,-0.07993577675088748
2024-02-15,2024-02-16,2024-02-19,RIFUSDT,STRAXUSDT,0.5256064690026951,-0.1277658815132049,0.1405885839605838,True,33,4410235.92238,12491349.18465,0.2207,0.21345,0.978,1.028,-0.08397476703146622
2024-02-18,2024-02-19,2024-02-22,BEAMXUSDT,LOOMUSDT,0.7115486961149546,-0.02747474747474743,0.18889443519242,True,32,19839651.5882855,16331124.200775,0.03216,0.033975,0.09629,0.11621,-0.15043849774391105
2024-02-21,2024-02-22,2024-02-25,BEAMXUSDT,ORDIUSDT,1.0116643969447567,0.05158780767759219,0.19771958463960207,True,34,24935185.857805,565865862.46325,0.033975,0.033101,65.975,64.03,0.0037560663182950593
2024-02-24,2024-02-25,2024-02-28,BEAMXUSDT,ARKUSDT,0.9850665707088881,-0.04156397042348181,0.2201838664033423,True,35,34170159.505539,16841706.0897,0.033101,0.036376,0.8553,0.8672,0.08502636226127125
2024-02-27,2024-02-28,2024-03-02,BEAMXUSDT,ARKUSDT,1.0233062632105905,-0.012862834376778598,0.25617672577183986,True,38,46202938.006061,14228329.3774,0.036376,0.035453,0.8672,0.9844,-0.16052147435923458
2024-03-01,2024-03-02,2024-03-05,SUPERUSDT,TIAUSDT,1.4652546823035184,0.04967923980760536,0.31488981700814805,True,38,41027490.026700005,204719697.55624998,1.408,1.3616,17.0,15.663,0.045692513368983945
2024-03-04,2024-03-05,2024-03-08,1000BONKUSDT,TIAUSDT,2.646467575142553,-0.11653815129652922,0.48292946623743166,True,38,95697003.56269899,205583780.53915,0.03773,0.027063,15.663,16.7084,-0.3494626018370396
2024-03-07,2024-03-08,2024-03-11,1000BONKUSDT,TIAUSDT,1.7241795852627337,-0.040717902786868265,0.38352467964805687,True,39,127279701.239631,207060660.2278,0.027063,0.031026,16.7084,16.0574,0.18539853161458242
2024-03-10,2024-03-11,2024-03-14,TOKENUSDT,TIAUSDT,1.7756474941136897,-0.1861429295489102,0.3866762044553583,True,39,18028304.444760002,205618736.94875002,0.08254,0.07956,16.0574,17.2654,-0.11133381926672914
2024-03-13,2024-03-14,2024-03-17,TOKENUSDT,TIAUSDT,1.5812520272461885,-0.12295960617160395,0.35903924985498364,True,40,22275934.032065,205618736.94875002,0.07956,0.0628,17.2654,13.7636,-0.007836793794973484
2024-03-16,2024-03-17,2024-03-20,FRONTUSDT,AUCTIONUSDT,2.95233500578927,-0.33436245754862615,0.5024291954213864,True,41,18492896.06665,34770562.4261,2.0482,1.3899,21.55,19.446,-0.22377074907717065
2024-03-19,2024-03-20,2024-03-23,FRONTUSDT,AUCTIONUSDT,1.7094950282706178,-0.41928934010152286,0.3542868350716502,True,41,26047628.949699998,30268190.7103,1.3899,1.2989,19.446,21.464,-0.1692468913177334
2024-03-22,2024-03-23,2024-03-26,TOKENUSDT,AUCTIONUSDT,2.350337144532395,-0.3044718081659106,0.4630371845338972,True,40,33856591.151365,29703094.59465,0.11429,0.18409,21.464,23.309,0.5247692147670067
2024-03-25,2024-03-26,2024-03-29,TOKENUSDT,NTRNUSDT,4.119332406119611,-0.24953531598513012,0.7281509916384712,True,40,45555243.451295,31685142.0532,0.18409,0.17545,1.2923,1.2102,0.016596574956332266
2024-03-28,2024-03-29,2024-04-01,TOKENUSDT,NTRNUSDT,3.261598251153753,-0.3098728112701763,0.607281251731093,True,40,54310477.878455,28806510.443400003,0.17545,0.18086,1.2102,1.194,0.04422121287946723
2024-03-31,2024-04-01,2024-04-04,TOKENUSDT,USTCUSDT,2.4896817743490836,-0.22198159177043852,0.5230933891184936,True,39,91749974.99479,30707257.88142,0.18086,0.14396,0.02875,0.0253,-0.0840252128718344
2024-04-03,2024-04-04,2024-04-07,TOKENUSDT,1000RATSUSDT,1.4927285318559558,-0.5492117353260766,0.4011600276047345,True,39,86878338.37431,85390330.731645,0.14396,0.15185,0.2365,0.28232,-0.13893518107860614
2024-04-06,2024-04-07,2024-04-10,POLYXUSDT,BIGTIMEUSDT,1.1957083658146308,-0.40386511536186154,0.31312165415066123,True,39,259490407.20801497,74491709.17535,0.53522,0.53019,0.3022,0.2966,0.009132769762768445
2024-04-09,2024-04-10,2024-04-13,POLYXUSDT,BIGTIMEUSDT,0.9583687340696687,-0.4874762480566591,0.26669124997507354,True,40,259490407.20801497,63950699.663550004,0.53019,0.43676,0.2966,0.2104,0.11440726149941749
2024-04-12,2024-04-13,2024-04-16,POLYXUSDT,1000RATSUSDT,0.5514865200866692,-0.542965204236006,0.22710306294305152,True,39,264408149.692405,74396102.048845,0.43676,0.45159,0.18123,0.13091,0.3116127989505342
2024-04-15,2024-04-16,2024-04-19,POLYXUSDT,ACEUSDT,1.0302567099761721,-0.5198697375873136,0.30433087239113793,True,37,299280115.626665,41664777.6672675,0.45159,0.45134,5.0871,5.4597,-0.07379768749123661
2024-04-18,2024-04-19,2024-04-22,POLYXUSDT,1000RATSUSDT,1.2452989752263455,-0.43981900452488687,0.36248702200919886,True,36,299280115.626665,67576831.738665,0.45134,0.46151,0.12997,0.16898,-0.27761328555666864
2024-04-21,2024-04-22,2024-04-25,ONGUSDT,ACEUSDT,1.0035938657375656,-0.40553320125002557,0.2631732125166461,True,36,15168745.38503,32581092.880469,0.73048,0.67413,5.8203,5.4987,-0.0218861741656311
2024-04-24,2024-04-25,2024-04-28,ONGUSDT,ACEUSDT,0.6430260047281324,-0.47738612280585035,0.20969505822043114,True,36,28521520.740369998,31519853.970307,0.67413,0.5794,5.4987,5.5831,-0.15587094031231907
2024-04-27,2024-04-28,2024-05-01,ONGUSDT,NFPUSDT,0.30402683053098345,-0.4704712899076131,0.15594294102719128,False,35,140920275.00472498,29249450.96209,0.5794,0.58723,0.453,0.4031,0.12366850536560237
2024-04-30,2024-05-01,2024-05-04,ONGUSDT,1000RATSUSDT,0.35377380238830747,-0.6316156872699581,0.16888206110231693,True,34,244555377.7844,71009074.750285,0.58723,0.55153,0.11612,0.13114,-0.19014284613230759
2024-05-03,2024-05-04,2024-05-07,ONGUSDT,1000RATSUSDT,0.4287971814201703,-0.4453419038355817,0.18349969162232607,True,30,244555377.7844,67576831.738665,0.55153,0.57182,0.13114,0.12396,0.09153921814033039
2024-05-06,2024-05-07,2024-05-10,ONGUSDT,1000RATSUSDT,0.47524573669409964,-0.5609350097396848,0.1913843160945198,True,30,244555377.7844,63755518.67104,0.57182,0.55831,0.12396,0.11875,0.018403371022246984
2024-05-09,2024-05-10,2024-05-13,ONGUSDT,1000RATSUSDT,0.4006170671750364,-0.513320763997049,0.19659461830412797,True,28,244555377.7844,51341492.14309999,0.55831,0.51261,0.11875,0.1193,-0.08648574598718506
2024-05-12,2024-05-13,2024-05-16,ZETAUSDT,ALTUSDT,0.3342391304347827,-0.3587761609719671,0.1943981212735938,True,28,38401858.50655,43463682.335675,1.6198,1.6339,0.31768,0.31673,0.011695208989709216
2024-05-15,2024-05-16,2024-05-19,1000BONKUSDT,DYMUSDT,0.6930051813471503,-0.24787029403682326,0.23897715535756348,True,27,297153123.56630397,19708499.35535,0.024833,0.02627,2.737,2.7,0.07138499940288001
2024-05-18,2024-05-19,2024-05-22,1000BONKUSDT,PYTHUSDT,0.7851997825496058,-0.27990822681088157,0.23461115485229575,True,25,297153123.56630397,43356126.859699994,0.02627,0.032943,0.4394,0.464,0.19803055313514517
2024-05-21,2024-05-22,2024-05-25,ZETAUSDT,ONGUSDT,0.2416495472875293,-0.322320047101995,0.13537891969448054,False,26,38649148.9087,58634355.86317,1.6317,1.5493,0.49494,0.47623,-0.012696917144209507
2024-05-24,2024-05-25,2024-05-28,ONDOUSDT,ONGUSDT,0.3664359035569349,-0.2935845138322333,0.16546171829784842,False,27,140760491.993425,30777785.283129998,1.1448,1.2213,0.47623,0.47452,0.07041460134280553
2024-05-27,2024-05-28,2024-05-31,ONDOUSDT,DYMUSDT,0.5378997733568371,-0.13160010720986326,0.13949868371079144,False,23,142273767.70003998,19380975.83285,1.2213,1.1803,3.241,2.954,0.05498213053788403
2024-05-30,2024-05-31,2024-06-03,ONDOUSDT,MAVIAUSDT,0.5833109739737055,-0.13372522292270117,0.18740959147232325,True,26,163348424.908315,10916822.568885,1.1803,1.3774,3.0504,3.167,0.1287669477053346
2024-06-02,2024-06-03,2024-06-06,ONDOUSDT,LSKUSDT,0.6704669496664644,-0.1965114418306929,0.18961084755278068,True,26,178498521.288015,21991139.22995,1.3774,1.3815,1.5062,1.5201,-0.006251899486285684
2024-06-05,2024-06-06,2024-06-09,MYROUSDT,LSKUSDT,0.6718816067653279,-0.21448870976076062,0.21628853757629035,True,27,57915492.161495,17470353.52215,0.27672,0.21186,1.5201,1.2919,-0.08426684908493909
2024-06-08,2024-06-09,2024-06-12,ONDOUSDT,LSKUSDT,0.5513526747459911,-0.35811180124223607,0.20535486748757115,True,26,186801821.58258498,12574731.569650002,1.2673,1.2724,1.2919,1.2113,0.06641303341550142
2024-06-11,2024-06-12,2024-06-15,ONDOUSDT,AEVOUSDT,0.622386537480877,-0.42087884175768353,0.21285010805444873,True,28,190237488.36177498,156607035.68739998,1.2724,1.2011,0.684,0.6268,0.02758989320729266
2024-06-14,2024-06-15,2024-06-18,ONDOUSDT,LSKUSDT,0.4248428046031558,-0.4164733776609453,0.17490439948583306,False,27,197492239.038285,7311835.2731,1.2011,1.1071,1.1321,1.049,-0.0048581839464634236
2024-06-17,2024-06-18,2024-06-21,TONUSDT,LSKUSDT,0.20173779868414887,-0.4519044882177753,0.16057104134610936,False,27,114216101.24142,6952271.6041,7.6898,7.1405,1.049,1.0156,-0.03959243945175328
2024-06-20,2024-06-21,2024-06-24,ONDOUSDT,AEVOUSDT,0.3242695670718705,-0.5140476444824271,0.17927396535540938,False,27,205432057.553815,99291413.9822,1.242,1.0962,0.4548,0.4596,-0.12794539405758876
2024-06-23,2024-06-24,2024-06-27,TONUSDT,ALTUSDT,0.1739988101574974,-0.4924414528116674,0.1499303859356309,False,27,131730578.61733,29714514.368984997,7.4988,7.6303,0.18096,0.18538,-0.0068891482407298366
2024-06-26,2024-06-27,2024-06-30,TONUSDT,DYMUSDT,0.1916488389887412,-0.5316049382716049,0.16859686941542654,False,25,145486592.16663498,17083158.695815,7.6303,7.6076,1.5172,1.422,0.05977218450733901
2024-06-29,2024-06-30,2024-07-03,TONUSDT,DYMUSDT,0.17659794930483597,-0.5186865267433989,0.16521262701787,False,25,145486592.16663498,16303319.723749999,7.6076,8.1015,1.422,1.5101,0.0029669272174268624
2024-07-02,2024-07-03,2024-07-06,TONUSDT,ALTUSDT,0.18555373448841017,-0.5838319263448352,0.16908157546117103,False,27,145486592.16663498,26354051.863135003,8.1015,7.2172,0.15237,0.11706,0.12258590515002754
2024-07-05,2024-07-06,2024-07-09,TONUSDT,PORTALUSDT,0.00127621795583166,-0.692818885141837,0.16681561554214358,False,27,145486592.16663498,22009750.838515,7.2172,7.1126,0.3096,0.3755,-0.22734845239788215
2024-07-08,2024-07-09,2024-07-12,TONUSDT,TNSRUSDT,0.017700761261518982,-0.6118806606286629,0.15178279468067485,False,27,161627563.28669,36950177.343065,7.1126,7.3167,0.4372,0.4216,0.06437716461533083
2024-07-11,2024-07-12,2024-07-15,OMUSDT,ALTUSDT,0.2126215814166379,-0.5303582841460206,0.16452701002960682,False,28,41696325.872062996,28716238.94156,1.05974,1.07648,0.12493,0.12615,0.006030858738609757
2024-07-14,2024-07-15,2024-07-18,OMUSDT,PIXELUSDT,0.40809304516196554,-0.4670724958494743,0.17795139621197506,False,28,41696325.872062996,28012886.81875,1.07648,1.29344,0.1925,0.2259,0.02803928532822697
2024-07-17,2024-07-18,2024-07-21,OMUSDT,ENAUSDT,0.8396092261312249,-0.3222748815165877,0.22718613277396857,True,27,51013843.1143565,133003021.36335,1.29344,1.33345,0.4576,0.5012,-0.06434670444597446
2024-07-20,2024-07-21,2024-07-24,OMUSDT,ETHFIUSDT,0.875311159552774,-0.29502026635784595,0.2427763025097417,True,26,63521740.081268,130406972.9602,1.33345,1.25888,2.436,2.426,-0.05181751645992072
2024-07-23,2024-07-24,2024-07-27,OMUSDT,ETHFIUSDT,0.922218320074514,-0.24681775846010556,0.23817913766063373,True,26,64329764.6308815,150004651.33505,1.25888,1.19735,2.426,2.194,0.046753888406439126
2024-07-26,2024-07-27,2024-07-30,OMUSDT,ETHFIUSDT,0.6765616029796826,-0.3175738724727838,0.21921605218093468,True,24,64329764.6308815,166441789.85334998,1.19735,1.17172,2.194,2.136,0.005030129777247816
2024-07-29,2024-07-30,2024-08-02,OMUSDT,ETHFIUSDT,0.6472068727942522,-0.2844221105527638,0.20848833317132065,True,25,64329764.6308815,166441789.85334998,1.17172,1.22705,2.136,1.911,0.15255825777297716
2024-08-01,2024-08-02,2024-08-05,OMUSDT,OMNIUSDT,0.46599761051373956,-0.3965591134512949,0.18577093106699344,False,23,64329764.6308815,21105655.618025,1.22705,0.97993,9.856,7.814,0.005789855315012193
2024-08-04,2024-08-05,2024-08-08,SAGAUSDT,OMNIUSDT,0.3081038903132316,-0.29947099435129565,0.15897527351034507,False,23,82128605.32714501,20142785.057740003,1.1736,0.91,7.814,7.145,-0.13899248181431634
2024-08-07,2024-08-08,2024-08-11,TAOUSDT,STRKUSDT,0.07289185326345882,-0.42774375103459683,0.13770422089834827,False,21,38395394.112055,50686290.446040004,247.7,295.33,0.3457,0.3964,0.04563010649669175
2024-08-10,2024-08-11,2024-08-14,TAOUSDT,OMNIUSDT,0.2014646053702196,-0.3470647098065377,0.125778358305613,False,21,39664977.49751,17863482.153334998,295.33,284.74,7.828,8.124,-0.07367117157995529
2024-08-13,2024-08-14,2024-08-17,SAGAUSDT,OMNIUSDT,0.28198889987075204,-0.3545208962339107,0.14239255833402198,False,21,90279628.32760999,19203215.925630003,1.6861,1.4152,8.124,7.167,-0.042867513390615675
2024-08-16,2024-08-17,2024-08-20,TONUSDT,MYROUSDT,-0.07786509403349384,-0.4896968844503833,0.1196030271259539,False,22,85682073.041165,29208194.30808,6.5358,6.8272,0.07256,0.07586,-0.0008943954614080152
2024-08-19,2024-08-20,2024-08-23,TONUSDT,MYROUSDT,-0.058927316084744996,-0.5028526460751523,0.11018918572066953,False,20,97612099.547625,22484296.88267,6.8272,6.5018,0.07586,0.07529,-0.040148450721856355
2024-08-22,2024-08-23,2024-08-26,TAOUSDT,MYROUSDT,-0.027525168040390513,-0.44865221213009077,0.11126736483579205,False,18,43868720.934945,21615595.156935,319.77,348.84,0.07529,0.08608,-0.05240343399461489
2024-08-25,2024-08-26,2024-08-29,SAGAUSDT,MYROUSDT,0.22613670581150247,-0.42796384901648055,0.13486112058722124,False,18,108335961.37434,20673667.68375,1.6294,1.2821,0.08608,0.06702,0.008275989793492644
2024-08-28,2024-08-29,2024-09-01,TAOUSDT,MYROUSDT,-0.06352793471437546,-0.5109100197037146,0.12055525382225286,False,18,45860484.82538,19863889.53064,298.37,281.09,0.06702,0.06416,-0.015240840997550964
2024-08-31,2024-09-01,2024-09-04,TAOUSDT,MYROUSDT,-0.0560722559849578,-0.4444732969791396,0.09929342857405855,False,16,47655604.14443,17648899.732145,281.09,247.65,0.06416,0.06339,-0.10696420902101
2024-09-03,2024-09-04,2024-09-07,TAOUSDT,NOTUSDT,0.13822745242254308,-0.28310835461510386,0.10663847494426311,False,15,46909329.405385,263411956.189704,247.65,231.16,0.00786,0.00735,-0.0017004113475831417
2024-09-06,2024-09-07,2024-09-10,SAGAUSDT,NOTUSDT,0.4287912087912087,-0.3084595840782911,0.15866559408413786,False,15,94241409.74821,239406717.2066425,1.3,1.5141,0.00735,0.008329,0.03149502878074317
2024-09-09,2024-09-10,2024-09-13,SAGAUSDT,NOTUSDT,0.15766936840495482,-0.3048994240881395,0.1211981280330513,False,15,96748592.40953,218069208.652292,1.5141,1.377,0.008329,0.007772,-0.023674066012642547
2024-09-12,2024-09-13,2024-09-16,TAOUSDT,ENAUSDT,0.02921963896888391,-0.3777189888300999,0.11359287082664674,False,13,45466818.714835,109493965.8035,293.06,302.04,0.2117,0.2119,0.029697456199873296
2024-09-15,2024-09-16,2024-09-19,BBUSDT,NOTUSDT,0.19481509721692736,-0.29684151681729243,0.13668408436875779,False,13,37257370.640949994,193521685.44702852,0.3134,0.3573,0.007547,0.007567,0.137426519824839
2024-09-18,2024-09-19,2024-09-22,SAGAUSDT,NOTUSDT,0.6739011632445937,-0.29451799366026477,0.22764930542580014,True,15,82322749.418945,173870384.0772385,2.1439,2.4336,0.007567,0.007652,0.12389458591761637
2024-09-21,2024-09-22,2024-09-25,SAGAUSDT,NOTUSDT,0.8868729161820577,-0.28628731343283587,0.2809242315167307,True,15,104757366.644075,173870384.0772385,2.4336,2.3558,0.007652,0.00785,-0.05784468735833903
2024-09-24,2024-09-25,2024-09-28,TAOUSDT,NOTUSDT,0.5772560486182778,-0.18373713216179688,0.21492098791261385,True,15,63852570.339955,157366674.230203,550.17,549.31,0.00785,0.009977,-0.2725185672199296
2024-09-27,2024-09-28,2024-10-01,TAOUSDT,NOTUSDT,0.8409974527416542,0.12126320521465495,0.2145852383505769,True,15,63852570.339955,157366674.230203,549.31,577.88,0.009977,0.008444,0.20566410716467087
2024-09-30,2024-10-01,2024-10-04,SAGAUSDT,NOTUSDT,1.133185525378098,0.007877775125328279,0.31621327158199153,True,14,162112428.836605,162738975.49553102,2.6943,2.1344,0.008444,0.00712,-0.05101135222870723
2024-10-03,2024-10-04,2024-10-07,TAOUSDT,NOTUSDT,1.0059771414724765,-0.09414758269720114,0.30891810334674585,True,13,125277047.395715,162738975.49553102,496.69,634.36,0.00712,0.007735,0.19079849332921017
2024-10-06,2024-10-07,2024-10-10,TAOUSDT,NOTUSDT,1.7442031493337948,0.05252415294597901,0.4563338760098689,True,12,195328116.90166998,151983670.9049755,634.36,569.52,0.007735,0.007386,-0.05709366800749327
2024-10-09,2024-10-10,2024-10-13,TURBOUSDT,NOTUSDT,0.7304359107420861,-0.11311239193083578,0.22579360212878266,True,10,107968729.20446256,153019697.508972,0.006669,0.0092325,0.007386,0.007879,0.31764256190268414
2024-10-12,2024-10-13,2024-10-16,TURBOUSDT,NOTUSDT,1.541756124415084,0.013767370046320115,0.4405960154532731,True,10,130108715.6274656,151944924.85799348,0.0092325,0.0123284,0.007879,0.00865,0.23747123523828662
2024-10-15,2024-10-16,2024-10-19,TURBOUSDT,ZROUSDT,2.270238726790451,0.10719095071370854,0.6815380134689024,True,9,182068651.55042154,106030035.069755,0.0123284,0.0103471,4.1105,3.8908,-0.107261744452266
2024-10-18,2024-10-19,2024-10-22,MEWUSDT,IOUSDT,1.0407620735489589,-0.09134615384615397,0.40921554394157783,True,9,140984307.48298252,83341484.1784,0.009212,0.009247,1.891,1.855,0.022836938369078408
2024-10-21,2024-10-22,2024-10-25,MEWUSDT,BBUSDT,0.8256663376110562,-0.13749338974087777,0.3315283128253303,True,9,141065689.904654,25543175.9677,0.009247,0.011253,0.3262,0.3073,0.2748751363973283
2024-10-24,2024-10-25,2024-10-28,MEWUSDT,BBUSDT,0.9283755997258396,-0.17129754518478557,0.3590676508863532,True,10,161458979.876334,23278394.5132,0.011253,0.01,0.3073,0.2794,-0.02055732673839672
2024-10-27,2024-10-28,2024-10-31,MEWUSDT,ZROUSDT,0.6369291209690622,-0.3239711176973724,0.31813922303923436,True,10,175990525.7402995,56334418.66889,0.01,0.009553,3.3985,3.5867,-0.10007737237016334
2024-10-30,2024-10-31,2024-11-03,MEWUSDT,RENDERUSDT,0.6668993194904904,-0.22724448586517554,0.31524839148872397,True,9,191763710.4295385,39270742.566,0.009553,0.008777,4.975,4.6,-0.005854142480433255
2024-11-02,2024-11-03,2024-11-06,MEWUSDT,ZROUSDT,0.8271913387466168,-0.19627354419454746,0.34115555294254574,True,9,207737376.356489,47515181.433325,0.008777,0.00853,3.1662,3.0954,-0.005780544007587651
2024-11-05,2024-11-06,2024-11-09,TURBOUSDT,ZROUSDT,0.40558785249457685,-0.268861907686493,0.23888764977670865,True,9,225105767.85442823,44445555.482875004,0.0080997,0.0085464,3.0954,3.6346,-0.11904377449093584
2024-11-08,2024-11-09,2024-11-12,MEWUSDT,NOTUSDT,0.6108915993815496,-0.1550230165177363,0.22121983751254362,True,9,190879094.6169045,96711848.7777995,0.009379,0.011498,0.006242,0.007871,-0.035043777028305634
2024-11-11,2024-11-12,2024-11-15,MEWUSDT,TURBOUSDT,0.68478898007034,-0.01719694180329634,0.22609980986858896,True,8,214543139.054038,236799718.47765774,0.011498,0.010144,0.0090753,0.0087614,-0.08317122210437344
2024-11-14,2024-11-15,2024-11-18,RENDERUSDT,TURBOUSDT,0.1996714728965141,-0.28950911686457725,0.15037036407303833,False,11,34318168.14925,236799718.47765774,6.574,7.089,0.0087614,0.00924,0.023712937842956805
2024-11-17,2024-11-18,2024-11-21,MEWUSDT,SYNUSDT,0.31914893617021267,-0.12591866731994117,0.15122798290138553,False,12,219300729.5110695,9112006.4769,0.012154,0.010315,0.5354,0.4562,-0.003381427575353091
2024-11-20,2024-11-21,2024-11-24,BRETTUSDT,SYNUSDT,0.5323816823146197,-0.24416100712274313,0.20639443009524988,False,17,19614840.03338,8952045.79245,0.15998,0.16286,0.4562,0.4897,-0.05543045467268248
2024-11-23,2024-11-24,2024-11-27,BRETTUSDT,SYNUSDT,0.5960388273360135,-0.2519480519480519,0.22250319372035096,True,18,26355299.78756,9618373.80335,0.16286,0.16553,0.4897,0.5577,-0.12246607763298623
2024-11-26,2024-11-27,2024-11-30,BRETTUSDT,TURBOUSDT,0.7870180365050219,-0.27652943724315693,0.23422987692787967,True,21,46586408.028325,163900264.48154086,0.16553,0.17412,0.0068495,0.0078548,-0.09487592070379303
2024-11-29,2024-11-30,2024-12-03,BRETTUSDT,POPCATUSDT,0.7935723114956736,-0.1978958504760785,0.24026968041352592,True,21,47704161.593954995,272399181.81605005,0.17412,0.19972,1.3647,1.2182,0.25437464084699
2024-12-02,2024-12-03,2024-12-06,BRETTUSDT,POPCATUSDT,1.4295097919961073,-0.1754112788572203,0.36600881567020366,True,22,62495598.06566,272399181.81605005,0.19972,0.19864,1.2182,1.3492,-0.11294327902110068
2024-12-05,2024-12-06,2024-12-09,BRETTUSDT,NEIROETHUSDT,1.4733565737051793,0.03045550847457612,0.3809280144012363,True,25,68546908.29671,126835649.69653,0.19864,0.21008,0.07785,0.08142,0.01173420492489563
2024-12-08,2024-12-09,2024-12-12,BRETTUSDT,NEIROETHUSDT,1.3043001316366825,-0.19154006553470349,0.34532573674613226,True,26,68546908.29671,117392173.41306,0.21008,0.18309,0.08142,0.06546,0.06754576703348025
2024-12-11,2024-12-12,2024-12-15,ZROUSDT,NEIROETHUSDT,0.6755673575766517,-0.3476180984652182,0.25636901399181106,True,26,94278844.80551,111339718.72674,6.8147,6.4266,0.06546,0.05789,0.05869272483693
2024-12-14,2024-12-15,2024-12-18,ZROUSDT,POPCATUSDT,0.8832459045218766,-0.34406535319557907,0.29045745318948935,True,28,86678007.382805,241627057.97430003,6.4266,6.5699,1.0919,1.0415,0.06845602223246594
2024-12-17,2024-12-18,2024-12-21,KDAUSDT,POPCATUSDT,0.9379893517068589,-0.4535390104412613,0.31523768101567673,True,29,31017919.978699997,195041118.04735,1.2378,1.0234,1.0415,0.7931,0.06529162552581369
2024-12-20,2024-12-21,2024-12-24,UXLINKUSDT,POPCATUSDT,1.1118387041185591,-0.4751885668916237,0.3274875409815895,True,30,45018895.57445,195041118.04735,1.2255,1.4692,0.7931,0.8147,0.17162270811781832
2024-12-23,2024-12-24,2024-12-27,UXLINKUSDT,POPCATUSDT,1.5495401700503209,-0.44981764149669046,0.3450850717174857,True,32,68970129.18335,184885127.0999,1.4692,2.019,0.8147,0.7294,0.4789183780700469
2024-12-26,2024-12-27,2024-12-30,UXLINKUSDT,NEIROUSDT,2.618706325031356,-0.45401822700911354,0.49550030772086784,True,34,198642920.456,551676208.0981115,2.019,1.6129,0.0009227,0.0009214,-0.19973026917310366
2024-12-29,2024-12-30,2025-01-02,UXLINKUSDT,NEIROUSDT,1.3302513724357121,-0.5246569689466625,0.30266102461993744,True,35,372229791.75575,529101145.81218576,1.6129,1.4516,0.0009214,0.0009821,-0.16588421173369383
2025-01-01,2025-01-02,2025-01-05,UXLINKUSDT,NEIROUSDT,1.2734534064213001,-0.46415320820602357,0.2802294620509079,True,37,423934650.46255,447954872.8424649,1.4516,1.6656,0.0009821,0.0010911,0.03643687141749696
2025-01-04,2025-01-05,2025-01-08,UXLINKUSDT,COSUSDT,1.518221684560714,-0.46642810670136625,0.3152060405664374,True,37,442611014.84005,10934108.876617499,1.6656,1.6001,0.008202,0.007439,0.05370092308968
2025-01-07,2025-01-08,2025-01-11,UXLINKUSDT,POPCATUSDT,1.3773584905660377,-0.5341463414634147,0.29479460729763224,True,37,488808306.49144995,148456260.11645,1.6001,1.2866,0.7067,0.5344,0.04788399960887546
2025-01-10,2025-01-11,2025-01-14,UXLINKUSDT,POPCATUSDT,1.2112046743426705,-0.5741611540607316,0.27085471253959953,True,37,488808306.49144995,144450954.09895003,1.2866,1.1597,0.5344,0.5552,-0.13755420916289607
2025-01-13,2025-01-14,2025-01-17,UXLINKUSDT,NEIROUSDT,0.5318980319640734,-0.5519856931425752,0.17073772814776317,False,37,488808306.49144995,313625170.14243114,1.1597,1.1786,0.0007264,0.0007973,-0.08130730727869384
2025-01-16,2025-01-17,2025-01-20,UXLINKUSDT,NEIROUSDT,0.3726997437689261,-0.4425174825174826,0.13927030251580913,False,37,346221491.44355,288215008.207179,1.1786,0.9032,0.0007973,0.000586,0.0313523779954018
2025-01-19,2025-01-20,2025-01-23,SYNUSDT,NEIROUSDT,0.026149684400360584,-0.44929987783103087,0.11091070520341571,False,38,9903281.3013,288215008.207179,0.5688,0.5206,0.000586,0.0005801,-0.07467154370856788
2025-01-22,2025-01-23,2025-01-26,SUNUSDT,GOATUSDT,0.02042028323435363,-0.5170080468178493,0.12569617662844507,False,40,9420633.1151785,188476350.81295002,0.022337,0.021833,0.264,0.2415,0.06266381299678092
2025-01-25,2025-01-26,2025-01-29,BANANAUSDT,UXLINKUSDT,0.10659722222222223,-0.5752129134482076,0.14319955831997214,False,41,16198766.199050002,165554455.8867,41.426,35.688,0.8578,0.7687,-0.034641679522549707
2025-01-28,2025-01-29,2025-02-01,BANANAUSDT,MOODENGUSDT,-0.03691012600167287,-0.6095731022307815,0.13514535765319535,False,42,17506290.7419,101106528.961225,35.688,38.501,0.09733,0.11205,-0.07241604309624239
2025-01-31,2025-02-01,2025-02-04,BANANAUSDT,TROYUSDT,0.009305617447377346,-0.73748766389398,0.15995910251261244,False,43,16198766.199050002,20133920.8566745,38.501,28.287,0.001862,0.001471,-0.05530255174088272
2025-02-03,2025-02-04,2025-02-07,SANTOSUSDT,GOATUSDT,-0.24546518431831477,-0.7473647831346121,0.12108917257713786,False,44,4960502.04985,131643449.692,2.58,2.391,0.1462,0.1144,0.14425444596443227
2025-02-06,2025-02-07,2025-02-10,SUNUSDT,MOODENGUSDT,-0.2526983107972556,-0.7441362816263164,0.11395452197859683,False,50,6998376.294148,77972933.89335501,0.018625,0.018966,0.06097,0.06512,-0.049757537263897866
2025-02-09,2025-02-10,2025-02-13,SUNUSDT,PNUTUSDT,-0.19988187647654398,-0.694728328799353,0.1168947090384845,False,52,6697242.091425,369840191.20262504,0.018966,0.019771,0.16608,0.1538,0.11638464389272207
2025-02-12,2025-02-13,2025-02-16,BSWUSDT,PNUTUSDT,0.13795285556082892,-0.73733750149473,0.17236115265464433,False,51,3434617.69773,331162971.631545,0.07193,0.05016,0.1538,0.1547,-0.3085071149038303
2025-02-15,2025-02-16,2025-02-19,ALPACAUSDT,PNUTUSDT,-0.03869084585765736,-0.7415334235543749,0.14698711436100134,False,51,4562052.102025,322312445.059255,0.15479,0.13955,0.1547,0.14337,-0.02521744642834689
2025-02-18,2025-02-19,2025-02-22,ACTUSDT,PNUTUSDT,0.113502818083703,-0.6677866345351747,0.15560509890056548,False,50,169139963.27634,297770007.94525003,0.18572,0.19142,0.14337,0.14449,0.022879408261408107
2025-02-21,2025-02-22,2025-02-25,BANUSDT,GOATUSDT,0.14437689969604883,-0.6262779250283983,0.15486125121071315,False,48,53292925.39815,59486910.09645,0.0754,0.069,0.0987,0.0831,0.07317407464142622
2025-02-24,2025-02-25,2025-02-28,BANUSDT,GOATUSDT,0.6586538461538465,-0.6559006211180125,0.19578963232038502,False,48,64013585.26185,57020991.8895,0.069,0.062,0.0831,0.0938,-0.23020980484487008
2025-02-27,2025-02-28,2025-03-03,BANUSDT,SLERFUSDT,0.8422619047619049,-0.5340277777777778,0.22536995140604282,True,49,70979096.19535,3043734.27565,0.062,0.0622,0.0672,0.0853,-0.2661194316436253
2025-03-02,2025-03-03,2025-03-06,BANUSDT,GOATUSDT,0.9021406727828745,-0.479313824419778,0.24454765921712948,True,49,70979096.19535,47541168.5668,0.0622,0.057,0.1033,0.0738,0.2019747060819329
2025-03-05,2025-03-06,2025-03-09,NEIROETHUSDT,GOATUSDT,1.2797953964194373,-0.49589603283173733,0.2897707176306699,True,49,16638852.74922,46704397.0045,0.04458,0.03584,0.0738,0.0614,-0.028030361057311826
2025-03-08,2025-03-09,2025-03-12,GRASSUSDT,GOATUSDT,0.6230068337129842,-0.4624125874125874,0.1822755445498204,False,49,26388107.95727,45936688.1221,1.995,1.3343,0.0614,0.0542,-0.21391410121394683
2025-03-11,2025-03-12,2025-03-15,HMSTRUSDT,RAYSOLUSDT,0.29732937685459926,-0.6753180661577609,0.18741349280784553,False,53,19402137.3541695,37579670.1215,0.002185,0.002184,1.5319,1.6216,-0.05901240185271173
2025-03-14,2025-03-15,2025-03-18,PNUTUSDT,RAYSOLUSDT,0.3190036420395421,-0.6928831149155368,0.1843398124754918,False,55,389512170.05842495,31476030.78594,0.20281,0.18126,1.6216,1.7316,-0.17409132570463437
2025-03-17,2025-03-18,2025-03-21,1000XUSDT,RAYSOLUSDT,0.34167215273206053,-0.6720709117769612,0.1975253272056374,False,55,3322209.89953,29728594.285145,0.08152,0.12469,1.7316,1.6953,0.5505265683136145
2025-03-20,2025-03-21,2025-03-24,1000XUSDT,RAYSOLUSDT,1.1983777111620526,-0.6002027871442382,0.2947741170139634,True,57,3322209.89953,35141076.508965,0.12469,0.08789,1.6953,1.7759,-0.342675134871259
2025-03-23,2025-03-24,2025-03-27,1000CHEEMSUSDT,RAYSOLUSDT,0.8597118284373952,-0.5852137351086195,0.30047525359156796,True,57,21073066.46424535,28954242.865735,0.0016649,0.0018055,1.7759,1.9923,-0.037404191491576144
2025-03-26,2025-03-27,2025-03-30,1000CHEEMSUSDT,KOMAUSDT,1.0827085015572733,-0.40196882690730096,0.2862804683817679,True,56,22026583.126994,7212174.613849999,0.0018055,0.0016109,0.03646,0.02722,0.14564663680018364
2025-03-29,2025-03-30,2025-04-02,1000CHEEMSUSDT,SCRUSDT,1.0140035008752184,-0.5126322977125299,0.25592778361196683,True,55,23821336.9448181,8045003.758649999,0.0016109,0.0016848,0.2856,0.2772,0.07528674142697
2025-04-01,2025-04-02,2025-04-05,1000CHEEMSUSDT,ACTUSDT,0.937442502299908,-0.6129694135611012,0.2639384647840807,True,54,28687420.2569478,46723212.88598,0.0016848,0.0016248,0.08111,0.05588,0.2754465199909659
2025-04-04,2025-04-05,2025-04-08,1000CHEEMSUSDT,ACTUSDT,0.9393794749403341,-0.712810235856328,0.26745707922198453,True,58,32963485.4728246,46723212.88598,0.0016248,0.0015633,0.05588,0.05613,-0.04232468499178976
2025-04-07,2025-04-08,2025-04-11,FARTCOINUSDT,ACTUSDT,1.3316477033291192,-0.7063624947676852,0.29406664959742873,True,61,362206647.79599,46723212.88598,0.5534,0.7544,0.05613,0.05437,0.3945650331195245
2025-04-10,2025-04-11,2025-04-14,FARTCOINUSDT,ACTUSDT,1.8768115942028984,-0.7249038656142481,0.3665341669653001,True,63,407117630.11203,43378969.2251,0.7544,0.8023,0.05437,0.05386,0.07287434043983243
2025-04-13,2025-04-14,2025-04-17,FARTCOINUSDT,TROYUSDT,1.8240056318197815,-0.8614840989399293,0.4161105147572239,True,63,475858941.77442,7005351.005311,0.8023,0.8984,0.000196,0.000187,0.16569899803371424
2025-04-16,2025-04-17,2025-04-20,FARTCOINUSDT,TROYUSDT,1.7868445547626437,-0.8633040935672515,0.38205276769696506,True,65,522169645.40208,5660637.582427,0.8984,0.8143,0.000187,0.000187,-0.0936108637577916
2025-04-19,2025-04-20,2025-04-23,ALCHUSDT,TROYUSDT,1.7902502801643632,-0.8547008547008547,0.36610281305796516,True,69,108712861.93540001,5244486.807593,0.14938,0.19635,0.000187,0.000187,0.3144329896907214
2025-04-22,2025-04-23,2025-04-26,ALCHUSDT,TROYUSDT,1.9505560565073639,-0.8493150684931507,0.35149312781645814,True,69,108712861.93540001,4938838.8759725,0.19635,0.15981,0.000187,0.000187,-0.18609625668449192
2025-04-25,2025-04-26,2025-04-29,FARTCOINUSDT,TROYUSDT,0.9697549770290963,-0.8517049960348929,0.2840237799352445,True,69,715813778.4484551,4644710.474886,1.029,1.0942,0.000187,0.000187,0.06336248785228382
2025-04-28,2025-04-29,2025-05-02,ALCHUSDT,TROYUSDT,1.950940170940171,-0.8186226964112512,0.4731792052317532,True,68,97990527.32929501,3045097.1475255,0.17261,0.177,0.000187,0.000187,0.02543305718092803
2025-05-01,2025-05-02,2025-05-05,VIRTUALUSDT,MOVEUSDT,1.7390504847876969,-0.5477178423236515,0.4405227486299997,True,68,42833257.546275,79278895.81475,1.6387,1.6366,0.1852,0.1722,0.06891288081831715
2025-05-04,2025-05-05,2025-05-08,AVAAIUSDT,MOVEUSDT,2.8766380478987803,-0.5468421052631579,0.5425138411465896,True,67,22088857.147005,82462011.4023,0.08581,0.08125,0.1722,0.1573,0.03338663424758348
2025-05-07,2025-05-08,2025-05-11,AVAAIUSDT,MOVEUSDT,3.288278775079198,-0.5210109622411694,0.6340427205941408,True,65,24716447.79689,86279009.86225,0.08125,0.09119,0.1573,0.2071,-0.19425403687221876
2025-05-10,2025-05-11,2025-05-14,AVAAIUSDT,MOVEUSDT,3.6250634195839684,-0.35652173913043483,0.8099824917942946,True,63,29338011.187799998,89259181.6249,0.09119,0.07939,0.2071,0.229,-0.23514616994279547
2025-05-13,2025-05-14,2025-05-17,CHILLGUYUSDT,LAYERUSDT,4.567015706806282,-0.38118121221516044,0.9152378980120415,True,60,51999058.404285,167494131.346605,0.10634,0.07941,1.1976,1.0607,-0.13893235345369448
2025-05-16,2025-05-17,2025-05-20,CHILLGUYUSDT,LAYERUSDT,2.9512437810945276,-0.4908567314614831,0.6535396161331489,True,62,65420903.85939,159002225.307355,0.07941,0.08215,1.0607,0.9573,0.13198726485078316
2025-05-19,2025-05-20,2025-05-23,CHILLGUYUSDT,LAYERUSDT,2.824953445065177,-0.5456573327005221,0.6253429024843287,True,62,67477075.592955,159002225.307355,0.08215,0.10859,0.9573,0.9767,0.3015849443164704
2025-05-22,2025-05-23,2025-05-26,CHILLGUYUSDT,LAYERUSDT,2.5911346344690704,-0.5006391573349696,0.5534611435798957,True,61,75398034.44188,159002225.307355,0.10859,0.08775,0.9767,1.0015,-0.21730616579300754
2025-05-25,2025-05-26,2025-05-29,CHILLGUYUSDT,LAYERUSDT,2.042649098474341,-0.6066687612913361,0.42162802727443255,True,59,75398034.44188,152711078.82228,0.08775,0.08014,1.0015,0.9118,0.0028420047990692643
2025-05-28,2025-05-29,2025-06-01,KAITOUSDT,LAYERUSDT,1.323800342759212,-0.6921388532450867,0.3075168447285995,True,56,214987174.607305,109424399.88512999,2.1697,1.961,0.9118,0.7819,0.04627703980553399
2025-05-31,2025-06-01,2025-06-04,KAITOUSDT,LAYERUSDT,1.1396617566830334,-0.7453183520599251,0.2832482210271557,True,56,249241881.012895,83708197.01664999,1.961,1.836,0.7819,0.8261,-0.1202719561699983
2025-06-03,2025-06-04,2025-06-07,KAITOUSDT,LAYERUSDT,1.3001753946379355,-0.7472305526654017,0.3299041099619097,True,54,249241881.012895,67318778.57468,1.836,1.6487,0.8261,0.7273,0.017582861064101785
2025-06-06,2025-06-07,2025-06-10,SPXUSDT,AVAAIUSDT,1.1304950495049506,-0.5785520807682838,0.2528867043833214,True,53,32491599.331100002,31687740.29232,1.0761,1.4156,0.03423,0.04163,0.09930649199754882
2025-06-09,2025-06-10,2025-06-13,ANIMEUSDT,AVAAIUSDT,0.9851485148514854,-0.5434401053093463,0.2398664107499109,True,47,51751406.86625,26631881.12713,0.0441,0.02667,0.04163,0.0304,-0.12548070873797512
2025-06-12,2025-06-13,2025-06-16,ANIMEUSDT,ARCUSDT,0.15805471124620074,-0.6811698306824012,0.1814609791316285,False,46,57715312.71635,28432896.535159998,0.02667,0.02419,0.03108,0.03043,-0.07207460553917233
2025-06-15,2025-06-16,2025-06-19,BMTUSDT,GRIFFAINUSDT,0.3072025052192069,-0.5638638949219155,0.18707619319771807,False,46,21281870.412699997,28217682.683335,0.12524,0.1447,0.04216,0.04321,0.13047654385931962
2025-06-18,2025-06-19,2025-06-22,BIDUSDT,GRIFFAINUSDT,0.68429820907955,-0.5777386885566305,0.24670358364781755,True,46,10445849.63881,26150060.280575,0.08092,0.09765,0.04321,0.0353,0.38980688181721346
2025-06-21,2025-06-22,2025-06-25,BIDUSDT,AVAAIUSDT,1.0134048257372652,-0.694850603941513,0.3000704746583883,True,48,23173514.188025,16419723.712625,0.09765,0.11274,0.02402,0.02879,-0.044053022890550686
2025-06-24,2025-06-25,2025-06-28,BIDUSDT,SIRENUSDT,1.7627450980392156,-0.7045514511873351,0.4529212981118378,True,49,45131321.560885,5054531.783425,0.11274,0.11958,0.04482,0.04944,-0.042408413145218704
2025-06-27,2025-06-28,2025-07-01,BIDUSDT,SIRENUSDT,1.9227383863080685,-0.6791901888261631,0.4387005094589435,True,51,60222667.48995,5512059.46784,0.11958,0.14478,0.04944,0.05207,0.1575417886551147
2025-06-30,2025-07-01,2025-07-04,BIDUSDT,SIRENUSDT,3.2806031933766997,-0.6568717881143761,0.6365711167688786,True,52,69747146.339795,5072404.565125,0.14478,0.16137,0.05207,0.04205,0.30702091314323854
2025-07-03,2025-07-04,2025-07-07,FUNUSDT,SIRENUSDT,2.2859654263111633,-0.7325573999872799,0.5736772850572225,True,49,49167226.2069365,5811821.80577,0.011215,0.013108,0.04205,0.04695,0.05226385377575804
2025-07-06,2025-07-07,2025-07-10,FUNUSDT,SIRENUSDT,2.8302162478082993,-0.6921765361663059,0.6578374124670621,True,50,164159073.332317,6048774.7813099995,0.013108,0.013345,0.04695,0.04873,-0.019832111567276378
2025-07-09,2025-07-10,2025-07-13,BANANAS31USDT,SIRENUSDT,3.0029292107404393,-0.6850475143836059,0.6851475556822494,True,45,103262155.77000299,6048774.7813099995,0.024597,0.01544,0.04873,0.04847,-0.36694565023516656
2025-07-12,2025-07-13,2025-07-16,FUNUSDT,SIRENUSDT,3.12375859434683,-0.6599789547527184,0.5828359304061141,True,49,205575670.90356898,5203261.910134999,0.016194,0.021898,0.04847,0.0492,0.33716835830991765
2025-07-15,2025-07-16,2025-07-19,FUNUSDT,SIRENUSDT,5.261652845295968,-0.6619495775228412,0.7719051869475452,True,52,257571110.600098,4641843.875975,0.021898,0.019545,0.0492,0.05397,-0.20440395492182162
2025-07-18,2025-07-19,2025-07-22,FUNUSDT,SIRENUSDT,3.546533271288972,-0.6033076074972437,0.598847206470349,True,48,234118006.9218795,3990241.12371,0.019545,0.01688,0.05397,0.05593,-0.17266848030037452
2025-07-21,2025-07-22,2025-07-25,HYPERUSDT,BMTUSDT,2.765199161425577,-0.2639488409272581,0.5428170641429552,True,50,7956346.80745,16168569.242945,0.3592,0.4456,0.09207,0.08542,0.3127621740309433
2025-07-24,2025-07-25,2025-07-28,HYPERUSDT,PUMPUSDT,3.3696078431372554,-0.9437154989384289,0.5934622921080429,True,49,37838529.14515,75901608.6187825,0.4456,0.4598,0.002652,0.002633,0.03903154964513078
2025-07-27,2025-07-28,2025-07-31,HYPERUSDT,PUMPUSDT,3.8502109704641354,-0.9440976645435244,0.6462323051606764,True,51,69009217.7404,449770557.40591145,0.4598,0.4406,0.002633,0.002759,-0.08961144453069725
2025-07-30,2025-07-31,2025-08-03,DOLOUSDT,PUMPUSDT,3.526075290242023,-0.9414225053078557,0.7405146914407639,True,54,4256649.2320845,582490201.307265,0.17038,0.12793,0.002759,0.002775,-0.2549481637553156
2025-08-02,2025-08-03,2025-08-06,HYPERUSDT,PUMPUSDT,2.479638009049774,-0.9410828025477707,0.5936675427158725,True,55,121001553.43605,618906655.5531955,0.3845,0.4038,0.002775,0.00325,-0.12097611265361574
2025-08-05,2025-08-06,2025-08-09,DOLOUSDT,PUMPUSDT,3.401865983692243,-0.9309978768577495,0.7165819571929364,True,61,29072508.6102575,655220231.9586124,0.168469,0.194163,0.00325,0.003379,0.11282239827733664
2025-08-08,2025-08-09,2025-08-12,DOLOUSDT,PUMPUSDT,3.327397535046469,-0.9282802547770701,0.7718295840962665,True,61,30301354.0407955,655220231.9586124,0.194163,0.243645,0.003379,0.003437,0.23768288936098103
2025-08-11,2025-08-12,2025-08-15,DOLOUSDT,BANANAS31USDT,3.4099250732978605,-0.5335146687390713,0.6410272700974983,True,62,35502593.1218805,39176664.097416,0.243645,0.202281,0.007203,0.006801,-0.11396151478368544
2025-08-14,2025-08-15,2025-08-18,AIOTUSDT,FUNUSDT,2.8461631056274457,-0.5663789560213728,0.643477094602494,True,60,10583114.951960001,50596542.0873,0.6394,0.99568,0.009496,0.009322,0.5755333889000297
2025-08-17,2025-08-18,2025-08-21,DOLOUSDT,FUNUSDT,2.5691524673600354,-0.5229005680364363,0.6036995687243836,True,58,35502593.1218805,40282525.0815375,0.209759,0.228448,0.009322,0.0095,0.07000287318013321
2025-08-20,2025-08-21,2025-08-24,AIOTUSDT,BROCCOLI714USDT,2.795592912312585,-0.47401824672748916,0.6113365912563181,True,60,10583114.951960001,7348264.794539999,1.67054,1.61867,0.02653,0.02742,-0.06459676817747229
2025-08-23,2025-08-24,2025-08-27,AIOTUSDT,BROCCOLI714USDT,3.8859514108948243,-0.46837407838571987,0.686181961107359,True,61,10583114.951960001,6356780.68407,1.61867,1.8087,0.02742,0.02487,0.2103966639602367
2025-08-26,2025-08-27,2025-08-30,AIOTUSDT,BROCCOLI714USDT,3.163482344275126,-0.5288206295032234,0.523777511119896,True,63,13005084.394195,5569316.56303,1.8087,1.7054,0.02487,0.02395,-0.020120483205319784
2025-08-29,2025-08-30,2025-09-02,AIOTUSDT,BROCCOLI714USDT,3.152730105406656,-0.5239705589814999,0.5048514112593239,True,65,23129736.941524997,4763663.20061,1.7054,1.4872,0.02395,0.02299,-0.08786301550300857
2025-09-01,2025-09-02,2025-09-05,AIOTUSDT,BROCCOLI714USDT,2.8713623822166694,-0.5312945973496432,0.47760276076421876,True,66,23129736.941524997,4013790.528715,1.4872,1.5255,0.02299,0.02305,0.02314326269975875
2025-09-04,2025-09-05,2025-09-08,AIOTUSDT,ASRUSDT,2.671583608056405,-0.5342250196695515,0.4427634256993994,True,69,30810621.268645,32830734.328199998,1.5255,1.5855,2.367,2.539,-0.03333445495025633
2025-09-07,2025-09-08,2025-09-11,AIOTUSDT,ASRUSDT,1.9795350760152592,-0.6773824650571791,0.3481813675056174,True,70,37482763.234435,30527722.66365,1.5855,1.423,2.539,2.508,-0.0902817963453505
2025-09-10,2025-09-11,2025-09-14,AIOTUSDT,ASRUSDT,1.8442934239456328,-0.6292682926829268,0.33973121027207526,True,72,39027934.278355,27689112.2242,1.423,1.4923,2.508,2.639,-0.003532925138502563
2025-09-13,2025-09-14,2025-09-17,JELLYJELLYUSDT,ASRUSDT,1.605681271064035,-0.5214868540344515,0.38983624020268803,True,73,13605746.075385,17404442.0163,0.05413,0.05018,2.639,2.479,-0.012343447528219809
2025-09-16,2025-09-17,2025-09-20,MYXUSDT,ASRUSDT,5.3980831383038,-0.45492524186455585,0.7170009646781406,True,73,214894317.18417,13957347.1911,11.483,11.349,2.479,2.515,-0.026191409037693125
2025-09-19,2025-09-20,2025-09-23,MYXUSDT,SQDUSDT,9.740986088766915,-0.34825663643172167,1.2390043791567729,True,66,214894317.18417,2447364.5492249997,11.349,9.407,0.07831,0.07097,-0.07738635067240529
2025-09-22,2025-09-23,2025-09-26,MYXUSDT,DOLOUSDT,7.648524409304036,-0.5800103709246534,1.0423172415987239,True,65,197911167.15665,72010737.01832551,9.407,9.151,0.12798,0.10429,0.15789327100165307
2025-09-25,2025-09-26,2025-09-29,MYXUSDT,DOLOUSDT,6.511286218501191,-0.5854775975756226,0.8850902528643162,True,65,240374668.79925,67990374.6492265,9.151,15.974,0.10429,0.10423,0.746176892421028
2025-09-28,2025-09-29,2025-10-02,MYXUSDT,BUSDT,12.201620236422254,-0.5966447082126618,1.6182000570595845,True,62,300112491.5313,6204074.487299999,15.974,15.485,0.2686,0.2944,-0.1266658562159041
2025-10-01,2025-10-02,2025-10-05,MYXUSDT,BUSDT,14.19285503974875,-0.5671995176399653,1.8593789342178726,True,60,336360192.7627,6136077.811334999,15.485,5.864,0.2944,0.2863,-0.5937973591203268
2025-10-04,2025-10-05,2025-10-08,MYXUSDT,BUSDT,4.130335899230231,-0.5327240084870246,0.6911454203583455,True,61,408472713.60325,6136077.811334999,5.864,5.51,0.2863,0.2595,0.03323975413839553
2025-10-07,2025-10-08,2025-10-11,DOODUSDT,BUSDT,2.486970213039427,-0.582327378078223,0.5745328859363693,True,63,10025100.4187904,6136077.811334999,0.0108539,0.008042,0.2595,0.1664,0.09969869029966616
2025-10-10,2025-10-11,2025-10-14,B2USDT,MYXUSDT,1.6635039717563993,-0.840190349978917,0.5886041813108269,True,60,12107765.299800001,336360192.7627,1.2073,1.602,2.654,3.727,-0.07736754761960185
2025-10-13,2025-10-14,2025-10-17,SOONUSDT,MYXUSDT,2.158764653668391,-0.6930236389094803,0.5731945461548186,True,61,32075452.57232,261075097.83585,1.032,0.8155,3.727,3.001,-0.0149920806268109
2025-10-16,2025-10-17,2025-10-20,B2USDT,MYXUSDT,2.176383215744523,-0.7387214770945828,0.5381466207068588,True,61,13484178.26435,221924525.2781,1.7115,1.899,3.001,2.793,0.178863253586812
2025-10-19,2025-10-20,2025-10-23,B2USDT,MYXUSDT,2.0155580250833465,-0.753920704845815,0.558546466217434,True,61,13484178.26435,172886182.55815,1.899,1.5581,2.793,2.699,-0.1458599670016837
2025-10-22,2025-10-23,2025-10-26,HUSDT,MYXUSDT,1.6657824933687002,-0.7132986074200064,0.470419807293563,True,59,41957456.46671,132754290.30875,0.15074,0.34456,2.699,2.981,1.1813069602582547
2025-10-25,2025-10-26,2025-10-29,HUSDT,MYXUSDT,6.057751382346918,-0.6741339744290241,0.8842947326826992,True,59,61197643.11789501,102731575.66565,0.34456,0.31041,2.981,2.573,0.037754912370872806
2025-10-28,2025-10-29,2025-11-01,HUSDT,ALPINEUSDT,3.187508431134493,-0.8674352553652758,0.5357732528318496,True,59,64174091.93903001,24561511.603075,0.31041,0.28948,0.7888,0.7409,-0.006701799321489066
2025-10-31,2025-11-01,2025-11-04,HUSDT,MYXUSDT,3.4485938220378056,-0.8693798449612403,0.5576538241341218,True,59,67433706.567195,48273054.795650005,0.28948,0.25161,2.023,1.892,-0.06606546820176495
2025-11-03,2025-11-04,2025-11-07,HUSDT,MYXUSDT,2.8409403144558083,-0.6774083546462064,0.4739034591609447,True,57,69330190.790235,39907819.82595,0.25161,0.10965,1.892,2.191,-0.722240336713594
2025-11-06,2025-11-07,2025-11-10,BDXNUSDT,MYXUSDT,0.8193254817987154,-0.6024315006350935,0.2932320877218217,False,58,6256123.029920001,31415566.9895,0.06795,0.06082,2.191,2.254,-0.13368408926879616
2025-11-09,2025-11-10,2025-11-13,BDXNUSDT,SQDUSDT,1.950024260067928,-0.6035784885194384,0.4564974812549215,True,57,7950096.3409,8410484.03554,0.06082,0.073,0.07821,0.06714,0.34180507365960167
2025-11-12,2025-11-13,2025-11-16,BDXNUSDT,SQDUSDT,1.1624184943687017,-0.645307716668426,0.38150857020981965,True,55,8894003.41369,7839054.04478,0.073,0.06353,0.06714,0.06246,-0.06002093356347993
2025-11-15,2025-11-16,2025-11-19,SOONUSDT,SQDUSDT,1.978906058376257,-0.6108586015814707,0.4362043177343255,True,55,33315978.329815,6652675.388825,2.4289,1.4376,0.06246,0.05734,-0.3261546733645381
2025-11-18,2025-11-19,2025-11-22,RESOLVUSDT,SQDUSDT,1.3818455870038524,-0.6376793275611452,0.3489807360427898,False,56,14920076.766035002,6440830.921465,0.14223,0.12711,0.05734,0.0482,0.05309338340624026
2025-11-21,2025-11-22,2025-11-25,RESOLVUSDT,YALAUSDT,1.334435261707989,-0.7042363433667782,0.34135147467460747,False,56,77990927.54633,3822861.34986,0.12711,0.13999,0.02654,0.03249,-0.12286034495811671
2025-11-24,2025-11-25,2025-11-28,RESOLVUSDT,PORT3USDT,1.2814537157757497,-0.7124787156409633,0.3561764133790769,False,57,84877267.34123,4922117.381695,0.13999,0.08775,0.01182,0.01182,-0.37316951210800775
2025-11-27,2025-11-28,2025-12-01,ESPORTSUSDT,PORT3USDT,1.2645587541293062,-0.7058237929318069,0.3509108469267711,False,56,8939329.835889999,4236998.63261,0.48003,0.44672,0.01182,0.01182,-0.06939149636481057
2025-11-30,2025-12-01,2025-12-04,ESPORTSUSDT,PORT3USDT,0.9308437067773168,-0.7792304818827045,0.30771745631864494,False,57,9271955.551789999,3289599.94205,0.44672,0.41862,0.01182,0.01182,-0.06290293696275073
2025-12-03,2025-12-04,2025-12-07,RESOLVUSDT,PTBUSDT,0.7763305636649451,-0.7750902527075811,0.3257351683165839,False,56,104871636.65423,5223190.73115,0.07911,0.07577,0.00623,0.00402,0.31251545839113437
2025-12-06,2025-12-07,2025-12-10,ESPORTSUSDT,PTBUSDT,0.8841504045692525,-0.8668658698539177,0.291488206515798,False,56,9996265.78181,6262771.059905,0.3959,0.4137,0.00402,0.003861,0.08451308750513686
2025-12-09,2025-12-10,2025-12-13,ESPORTSUSDT,PTBUSDT,0.8974311926605505,-0.8666781767955801,0.2985439460168826,False,56,9996265.78181,6713182.89113,0.4137,0.41226,0.003861,0.002942,0.2345404548450234
2025-12-12,2025-12-13,2025-12-16,PLAYUSDT,PTBUSDT,0.48895253682487727,-0.910665451230629,0.242560208415114,False,57,1868865.95439,7129614.94566,0.0364,0.03269,0.002942,0.003127,-0.16480546985305655
2025-12-15,2025-12-16,2025-12-19,ICNTUSDT,PTBUSDT,0.317829457364341,-0.8573448905109489,0.24614533676264563,False,57,6637978.6445,7129614.94566,0.323,0.4643,0.003127,0.002925,0.5020599571692074
2025-12-18,2025-12-19,2025-12-22,ICNTUSDT,PTBUSDT,1.304218362282878,-0.8393190554640307,0.3105480131300139,False,61,10352463.8993,8284433.661038,0.4643,0.3618,0.002925,0.003345,-0.36435218166857186
2025-12-21,2025-12-22,2025-12-25,ICNTUSDT,PTBUSDT,0.8108108108108107,-0.7315409309791332,0.2972355140906927,False,58,20494204.97275,10021466.175530002,0.3618,0.411,0.003345,0.00311,0.20624084361451323
2025-12-24,2025-12-25,2025-12-28,ICNTUSDT,AIAUSDT,1.0039005363237443,-0.6558969276511397,0.31300782026230045,False,58,23152176.4013,19509884.5005,0.411,0.4598,0.1736,0.1736,0.11873479318734792
2025-12-27,2025-12-28,2025-12-31,PLAYUSDT,PTBUSDT,0.5998719590268884,-0.6849330357142858,0.24965770845771867,False,62,1164703.229665,10190767.130087,0.04999,0.05351,0.002823,0.00268,0.12106941402449811
