trade_index,decision_date,entry_date,exit_date,long_symbol,short_symbol,long_signal,short_signal,dispersion,dispersion_gate,eligible_count,median_quote_volume_long,median_quote_volume_short,long_entry,long_exit,short_entry,short_exit,gross_unit_return,leverage,net_return,equity_before,equity_after,log_contribution
321,2022-12-31,2023-01-01,2023-01-04,LDOUSDT,INJUSDT,-0.1393057313324897,-0.24615384615384617,0.041639465379984274,False,7,11049241.394049998,8324751.4487,0.9524,1.201,1.274,1.305,0.2366919694573144,0.25,0.0564229923643286,1.0,1.0564229923643287,0.05488866603201758
322,2023-01-03,2023-01-04,2023-01-07,LDOUSDT,SPELLUSDT,0.0863862505653552,-0.2125568431861522,0.0986048851845851,False,7,13918581.7007,5643995.26436955,1.201,1.5175,0.0005367,0.0005516,0.23576814054867334,0.25,0.056192035137168334,1.0564229923643287,1.1157855502709775,0.05467002020674991
323,2023-01-06,2023-01-07,2023-01-10,LDOUSDT,CVXUSDT,0.5105006469592914,-0.2005700958797616,0.22735049429206639,True,7,17832354.67905,4394985.169,1.5175,1.9414,3.085,3.387,0.18144799062263872,0.25,0.04261199765565968,1.1157855502709775,1.1633314015233431,0.0417291007244265
324,2023-01-09,2023-01-10,2023-01-13,LDOUSDT,INJUSDT,0.8968246213971665,-0.14612146722790142,0.3426108502133827,True,7,25260558.772749998,6048895.75145,1.9414,2.0511,1.42,1.528,-0.019550723523172886,0.25,-0.007637680880793221,1.1633314015233431,1.154446247519902,-0.007666997333951448
325,2023-01-12,2023-01-13,2023-01-16,LDOUSDT,CVXUSDT,0.8200372703877896,-0.11975155279503114,0.3014930734584116,True,7,36299236.535500005,4743899.736,2.0511,2.222,3.542,4.409,-0.1614558174166698,0.25,-0.043113954354167455,1.154446247519902,1.1046735046999892,-0.04407096917937949
326,2023-01-15,2023-01-16,2023-01-19,LDOUSDT,INJUSDT,1.19258089976322,0.17709815078236146,0.31923247695779544,True,7,103383202.28275,6048895.75145,2.222,1.9721,1.655,1.48,-0.006726065355780242,0.25,-0.00443151633894506,1.1046735046999892,1.0997781260147115,-0.004441364613439183
327,2023-01-18,2023-01-19,2023-01-22,LDOUSDT,INJUSDT,1.0773038441284886,0.13420245398773,0.33231676811301736,True,9,155899052.51865,6276361.26245,1.9721,2.3962,1.48,1.733,0.04410400081131782,0.25,0.008276000202829453,1.0997781260147115,1.1088798900086767,0.008241941895164622
328,2023-01-21,2023-01-22,2023-01-25,APTUSDT,INJUSDT,2.172718933793773,0.3047404063205419,0.6620764180373928,True,9,191911803.642415,7205354.2345,11.7594,12.3159,1.733,1.837,-0.01268769762768307,0.25,-0.005921924406920767,1.1088798900086767,1.1023131871236906,-0.005939528535882127
329,2023-01-24,2023-01-25,2023-01-28,APTUSDT,1000LUNCUSDT,2.444680613043965,0.17148760330578527,0.6908625932411655,True,9,839149564.53196,98371548.7283,12.3159,17.757,0.17,0.1726,0.42650063547695205,0.25,0.10387515886923801,1.1023131871236906,1.21681614455982,0.09882686072640935
330,2023-01-27,2023-01-28,2023-01-31,APTUSDT,1000LUNCUSDT,4.498235075551152,0.17323369565217384,1.2339755053236483,True,9,1141327241.18272,89879665.82885,17.757,17.1906,0.1726,0.1646,0.01445266211663554,0.25,0.0008631655291588848,1.21681614455982,1.217866458311128,0.0008627932160233578
331,2023-01-30,2023-01-31,2023-02-03,APTUSDT,1000LUNCUSDT,3.9876690071374687,0.13526570048309172,1.0948678746681786,True,9,1618772446.7174149,75793152.54265001,17.1906,17.2178,0.1646,0.1694,-0.0275793438158487,0.25,-0.009644835953962178,1.217866458311128,1.2061203361068844,-0.009691648627801919
332,2023-02-02,2023-02-03,2023-02-06,APTUSDT,1000LUNCUSDT,3.50990099009901,0.08595253367543298,0.9745122294590961,True,9,1810637354.281805,70122800.10895,17.2178,15.4316,0.1694,0.1814,-0.1745797295001662,0.25,-0.04639493237504155,1.2061203361068844,1.1501624646770432,-0.047505668481146734
333,2023-02-05,2023-02-06,2023-02-09,APTUSDT,1000LUNCUSDT,3.000259241976461,0.16217948717948705,0.8506550127200051,True,9,1810637354.281805,70122800.10895,15.4316,15.0866,0.1814,0.1809,-0.019600382988236964,0.25,-0.007650095747059241,1.1501624646770432,1.1413636116975903,-0.007679507829044876
334,2023-02-08,2023-02-09,2023-02-12,APTUSDT,1000LUNCUSDT,1.8960148961492687,0.06666666666666643,0.6512361527069653,True,9,1810637354.281805,70122800.10895,15.0866,13.877,0.1809,0.1679,-0.008314203129766384,0.25,-0.004828550782441596,1.1413636116975903,1.1358524795372775,-0.0048402458959246365
335,2023-02-11,2023-02-12,2023-02-15,INJUSDT,1000LUNCUSDT,1.225278323510151,-0.0035629453681709222,0.44428784230547946,True,9,76876346.3919,63517537.850150004,3.398,3.488,0.1679,0.1697,0.015765501270585958,0.25,0.0011913753176464893,1.1358524795372775,1.1372057061458858,0.0011906661932390395
336,2023-02-14,2023-02-15,2023-02-18,APTUSDT,LUNA2USDT,0.8594295949644917,-0.0976757727206562,0.337756125332602,True,8,1538458241.13567,49016131.8679,14.741,14.735,1.8593,1.9008,-0.02272725605990711,0.25,-0.008431814014976778,1.1372057061458858,1.1276169991348934,-0.008467562852304092
337,2023-02-17,2023-02-18,2023-02-21,STGUSDT,LUNA2USDT,1.7460793357933584,0.024193113853117065,0.5447410456569073,True,8,86544057.80125,48153992.2634,1.1907,1.1327,1.9008,1.8676,-0.031244512395306012,0.25,-0.010561128098826505,1.1276169991348934,1.1157080915606155,-0.010617292602530418
338,2023-02-20,2023-02-21,2023-02-24,STGUSDT,LUNA2USDT,1.3225343448841502,-0.15613702096890825,0.42995532932313296,True,8,112558093.30835,45644995.0655,1.1327,1.0799,1.8676,1.7839,-0.0017974071774288225,0.25,-0.0031993517943572055,1.1157080915606155,1.1121385488759021,-0.003204480662600064
339,2023-02-23,2023-02-24,2023-02-27,SPELLUSDT,LUNA2USDT,0.26218820861677994,-0.12876605302993305,0.16269940047344603,True,7,12018547.176919151,34532979.877,0.0008905,0.0008483,1.7839,1.7375,-0.02137868064970294,0.25,-0.008094670162425736,1.1121385488759021,1.1031361541478328,-0.008127609882820654
340,2023-02-26,2023-02-27,2023-03-02,LDOUSDT,APTUSDT,0.3035505430242271,-0.2885099481334227,0.18079821200622695,True,7,230724343.57099998,1127617518.89188,3.1204,3.0199,12.633,13.443,-0.09632519605549006,0.25,-0.026831299013872517,1.1031361541478328,1.073537578142879,-0.027197829516651353
341,2023-03-01,2023-03-02,2023-03-05,LDOUSDT,APTUSDT,0.4590742172400464,-0.21799831302172712,0.20185084500152978,True,7,244755055.7814,954990838.603365,3.0199,2.5521,13.443,11.257,0.007706720505572862,0.25,-0.0008233198736067847,1.073537578142879,1.0726537133197305,-0.0008236589875594834
342,2023-03-04,2023-03-05,2023-03-08,LDOUSDT,APTUSDT,0.12497244875468372,-0.34620366014438464,0.1368452254845442,True,7,265520060.0674,688112351.8555,2.5521,2.5507,11.257,11.12,0.011621637359562342,0.25,0.00015540933989058553,1.0726537133197305,1.0728204137252486,0.000155397265110099
343,2023-03-07,2023-03-08,2023-03-11,LDOUSDT,LUNA2USDT,0.24578713427441023,-0.28293081882035986,0.1840102300728704,True,6,279100922.0825,25600656.564999998,2.5507,2.3041,1.4904,1.2984,0.0321451337250922,0.25,0.00528628343127305,1.0728204137252486,1.0784916465030558,0.0052723600819738455
344,2023-03-10,2023-03-11,2023-03-14,LDOUSDT,APTUSDT,-0.10150522539385431,-0.2853213137573327,0.07052658094607445,False,4,289108432.54285,617100931.39302,2.3041,2.6714,10.782,12.309,0.01778655343694635,0.25,0.0016966383592365876,1.0784916465030558,1.080321456800629,0.0016952006942774584
345,2023-03-13,2023-03-14,2023-03-17,LDOUSDT,APTUSDT,0.12841091492776902,-0.11305663640293995,0.08989172128117742,False,4,293268970.44474995,617100931.39302,2.6714,2.3896,12.309,12.342,-0.1081687243748245,0.25,-0.029792181093706127,1.080321456800629,1.0481363243202082,-0.030244984137020228
346,2023-03-16,2023-03-17,2023-03-20,LDOUSDT,APTUSDT,-0.07001089663760895,-0.1628112068380707,0.04009645424687457,False,4,300016858.17069995,617100931.39302,2.3896,2.471,12.342,13.025,-0.021275212628026674,0.25,-0.00806880315700667,1.0481363243202082,1.03967911863756,-0.008101532123819083
347,2023-03-19,2023-03-20,2023-03-23,QNTUSDT,LDOUSDT,-0.06617594511541502,-0.18446153338394,0.04505111025551641,False,4,11287660.433,295393550.37335,130.69,124.54,2.471,2.3666,-0.004807822156403629,0.25,-0.003951955539100907,1.03967911863756,1.0355703529857727,-0.003959785150384122
348,2023-03-22,2023-03-23,2023-03-26,APTUSDT,QNTUSDT,-0.0777074542897328,-0.10977701543739271,0.016034780573829954,False,2,589720496.146865,11680888.850499999,13.114,11.58,124.54,121.58,-0.09320676174948794,0.25,-0.026051690437371988,1.0355703529857727,1.0085919947236672,-0.02639704701212065
349,2023-03-25,2023-03-26,2023-03-29,QNTUSDT,APTUSDT,-0.09571619812583676,-0.13870295998810056,0.0214933809311319,False,2,10805820.083,589720496.146865,121.58,121.2,11.58,11.259,0.024594693189072814,0.25,0.0033986732972682036,1.0085919947236672,1.012019869403973,0.0033929108599141766
350,2023-03-28,2023-03-29,2023-04-01,QNTUSDT,APTUSDT,-0.07232511862850144,-0.10891245844546471,0.018293669908481636,False,2,10805820.083,589720496.146865,121.2,124.89,11.259,11.377,0.01996504006915467,0.25,0.002241260017288668,1.012019869403973,1.01428806907397,0.002238752140559725
351,2023-03-31,2023-04-01,2023-04-04,QNTUSDT,APTUSDT,-0.017155898323758523,-0.15368593319943458,0.06826501743783803,False,2,10412874.660999998,545044615.526525,124.89,123.25,11.377,11.333,-0.009264103892483555,0.25,-0.005066025973120889,1.01428806907397,1.0091496593718146,-0.005078901787248514
352,2023-04-03,2023-04-04,2023-04-07,APTUSDT,QNTUSDT,0.006751354712623225,-0.015732311132406918,0.011241832922515071,False,2,518625473.488135,10223676.2215,11.333,11.454,123.25,121.15,0.027715324165064503,0.25,0.004178831041266126,1.0091496593718146,1.0133667252936804,0.004170123975306971
353,2023-04-06,2023-04-07,2023-04-10,APTUSDT,QNTUSDT,0.0299433504181279,-0.010212418300653558,0.02007788435939073,False,2,518625473.488135,9731960.954,11.454,11.064,121.15,121.43,-0.036360424922068146,0.25,-0.011840106230517039,1.0133667252936804,1.001368355615732,-0.01191075852919773
354,2023-04-09,2023-04-10,2023-04-13,APTUSDT,QNTUSDT,0.026154702281580455,0.013604874384441912,0.006274913948569272,False,2,457093080.646545,8683960.9445,11.064,11.356,121.43,121.67,0.024415454327137764,0.25,0.0033538635817844413,1.001368355615732,1.004726808475583,0.0033482519249755983
355,2023-04-12,2023-04-13,2023-04-16,QNTUSDT,APTUSDT,-0.03689043698543382,-0.07742302380372079,0.020266293409143488,False,2,7380422.716,359232947.127835,121.67,119.02,11.356,12.571,-0.12877212375513925,0.25,-0.034943030938784814,1.004726808475583,0.9696186085219941,-0.03556814408906962
356,2023-04-15,2023-04-16,2023-04-19,APTUSDT,QNTUSDT,0.01871809415768566,-0.03946731234866829,0.029092703253176977,False,2,318094883.98473,7127729.8295,12.571,12.731,119.02,118.24,0.01928122704309898,0.25,0.0020703067607747453,0.9696186085219941,0.9716260164825903,0.0020681666290433575
357,2023-04-18,2023-04-19,2023-04-22,FETUSDT,QNTUSDT,0.012395709177592362,-0.09550776765898827,0.05395173841829032,False,2,52595002.585999995,7127729.8295,0.4247,0.3331,118.24,107.7,-0.12654092692350227,0.25,-0.03438523173087557,0.9716260164825903,0.9382164307500889,-0.034990314919414234
358,2023-04-21,2023-04-22,2023-04-25,FXSUSDT,FETUSDT,0.026966010284710906,-0.12087622063869097,0.07392111546170094,False,2,23447280.98845,52595002.585999995,8.189,8.241,0.3331,0.3317,0.010552923742186637,0.25,-0.00011176906445334073,0.9382164307500889,0.9381115671773692,-0.00011177531108065721
359,2023-04-24,2023-04-25,2023-04-28,FXSUSDT,FETUSDT,0.06859439834024905,-0.08798460269452857,0.06689301294991615,False,3,23447280.98845,46796903.0395,8.241,8.396,0.3317,0.3437,-0.01736887157702527,0.25,-0.007092217894256317,0.9381115671773692,0.9314582755338251,-0.007117487219508006
360,2023-04-27,2023-04-28,2023-05-01,FXSUSDT,MAGICUSDT,0.039104071278307284,-0.13312330573668396,0.06924464174589705,False,4,24139045.77675,60125300.19788,8.396,7.644,1.1833,1.156,-0.06649538779457664,0.25,-0.019373846948644163,0.9314582755338251,0.9134123454645847,-0.019563979662408745
361,2023-04-30,2023-05-01,2023-05-04,HOOKUSDT,MAGICUSDT,0.04249448123620314,-0.1777382645803699,0.08395128988853598,False,4,47990646.46875,52654564.47557,1.889,1.868,1.156,1.1404,0.0023778165705293786,0.25,-0.002155545857367655,0.9134123454645847,0.91144344326725,-0.002157872390239372
362,2023-05-03,2023-05-04,2023-05-07,HOOKUSDT,TUSDT,0.07418056354226565,-0.15309710576142832,0.07974220007119465,False,5,47990646.46875,9226526.602575,1.868,1.619,0.03132,0.03169,-0.14511118221522135,0.25,-0.03902779555380534,0.91144344326725,0.8758718149045595,-0.03980979400329766
363,2023-05-06,2023-05-07,2023-05-10,RNDRUSDT,MAGICUSDT,0.592218137254902,-0.2415671641791045,0.2900826981714876,True,6,239999560.389575,43105955.14419,2.0789,1.7379,1.0162,0.8373,0.012018968216362058,0.25,0.0002547420540905145,0.8758718149045595,0.8760949362898083,0.0002547096128428507
364,2023-05-09,2023-05-10,2023-05-13,RNDRUSDT,MAGICUSDT,0.33174955935320716,-0.35772919064058306,0.19916111127865826,True,8,246419089.75163502,44864220.40063,1.7379,1.8175,0.8373,0.8683,0.008778638331979893,0.25,-0.0005553404170050267,0.8760949362898083,0.8756084053625531,-0.000555494675607716
365,2023-05-12,2023-05-13,2023-05-16,RNDRUSDT,MAGICUSDT,0.13994479989963615,-0.3236485433868205,0.13841415068165586,True,8,246419089.75163502,47061951.69067,1.8175,1.7937,0.8683,0.8581,-0.0013478185725842584,0.25,-0.0030869546431460644,0.8756084053625531,0.8729054419300415,-0.003091729115882753
366,2023-05-15,2023-05-16,2023-05-19,RNDRUSDT,MAGICUSDT,0.0715736647150198,-0.4337381203801479,0.13717486730872228,True,9,246419089.75163502,42451536.63695,1.7937,2.3911,0.8581,0.9037,0.27991392032182016,0.25,0.06722848008045504,0.8729054419300415,0.9315895480449561,0.06506508255519826
367,2023-05-18,2023-05-19,2023-05-22,RNDRUSDT,FETUSDT,0.17931136543014992,-0.4193548387096774,0.14987677552325465,True,12,253893770.986085,41138054.652150005,2.3911,2.4608,0.2467,0.2428,0.04495843821052614,0.25,0.008489609552631533,0.9315895480449561,0.9394983795711701,0.008453775486105963
368,2023-05-21,2023-05-22,2023-05-25,RNDRUSDT,FETUSDT,0.5103731892953598,-0.2710897628339839,0.19180389068124207,True,13,262259550.414785,41138054.652150005,2.4608,2.6337,0.2428,0.2315,0.11680206594927423,0.25,0.026450516487318554,0.9394983795711701,0.9643485969498264,0.026106750262606518
369,2023-05-24,2023-05-25,2023-05-28,RNDRUSDT,FETUSDT,0.48628668171557576,-0.30208019294543254,0.18334409934978152,True,16,285247417.28341997,41138054.652150005,2.6337,2.64,0.2315,0.255,-0.09911980705969992,0.25,-0.02752995176492498,0.9643485969498264,0.9378001265912246,-0.027916002693826325
370,2023-05-27,2023-05-28,2023-05-31,RNDRUSDT,HOOKUSDT,0.1289398280802294,-0.29916214884179404,0.10948651531492229,False,17,273015223.58779,25771893.752049997,2.64,2.5688,1.422,1.462,-0.055099092187699816,0.25,-0.016524773046924957,0.9378001265912246,0.9223031923359272,-0.016662830130074704
371,2023-05-30,2023-05-31,2023-06-03,RNDRUSDT,HOOKUSDT,0.07643312101910826,-0.2265749073583907,0.08801204436472461,False,18,252156105.79539,24923976.60335,2.5688,2.5696,1.462,1.496,-0.022944384492261438,0.25,-0.00848609612306536,0.9223031923359272,0.9144764387911545,-0.00852230804755306
372,2023-06-02,2023-06-03,2023-06-06,RNDRUSDT,STXUSDT,0.1282220173011901,-0.23685192092502794,0.1029405687645287,False,18,210561954.55681002,62645051.57275,2.5696,2.2762,0.6137,0.5436,4.3995944814190224e-05,0.25,-0.0027390010137964523,0.9144764387911545,0.9119716868982125,-0.0027427589406187835
373,2023-06-05,2023-06-06,2023-06-09,RNDRUSDT,TRUUSDT,0.0950067346546084,-0.2715840840840842,0.09571623005406418,False,20,207883764.021605,15837156.260650001,2.2762,2.2652,0.03881,0.04059,-0.05069708368375281,0.25,-0.015424270920938205,0.9119716868982125,0.8979051885272694,-0.015544462501108941
374,2023-06-08,2023-06-09,2023-06-12,RNDRUSDT,TUSDT,0.30348716768327777,-0.23555404486743714,0.12108683424868305,False,21,204173747.30726498,6537745.95748,2.2652,1.9548,0.02248,0.01842,0.04357513936692137,0.25,0.00814378484173034,0.8979051885272694,0.9052175351909088,0.008110803168725518
375,2023-06-11,2023-06-12,2023-06-15,RNDRUSDT,PERPUSDT,0.07566169592252248,-0.35459751829462305,0.10808385004863642,False,21,204173747.30726498,3673891.368415,1.9548,1.807,0.4057,0.4011,-0.06427033051978415,0.25,-0.01881758262994604,0.9052175351909088,0.8881835294243777,-0.01899688627522234
376,2023-06-14,2023-06-15,2023-06-18,RNDRUSDT,CFXUSDT,0.007247992863514741,-0.38488453463960803,0.10447336471322932,False,21,204173747.30726498,258641520.8132,1.807,2.0846,0.1759,0.1866,0.09279477541856851,0.25,0.020448693854642125,0.8881835294243777,0.9063457225043124,0.020242426506251392
377,2023-06-17,2023-06-18,2023-06-21,USDCUSDT,CFXUSDT,0.0009606340184520334,-0.3644414168937331,0.08552826004045364,False,21,3578464.22644,216333757.8758,1.0003,0.99954,0.1866,0.2177,-0.16742643873504626,0.25,-0.04460660968376157,0.9063457225043124,0.8659167126220156,-0.04563209628734467
378,2023-06-20,2023-06-21,2023-06-24,STXUSDT,LQTYUSDT,0.17274291973087164,-0.2956160664377545,0.1007913521001332,False,21,60258471.5609,14333473.74219,0.7493,0.7657,0.8821,0.9473,-0.05202742754137324,0.25,-0.015756856885343312,0.8659167126220156,0.8522725869066036,-0.01588231579199914
379,2023-06-23,2023-06-24,2023-06-27,STXUSDT,HIGHUSDT,0.2964092140921408,-0.3125643666323378,0.12974815417820904,True,23,67484108.55725,56216799.96675,0.7657,0.7327,1.336,1.286,-0.005672669288561472,0.25,-0.004168167322140368,0.8522725869066036,0.8487201721603035,-0.004176878345982907
380,2023-06-26,2023-06-27,2023-06-30,STXUSDT,HIGHUSDT,0.20708401976935753,-0.411522633744856,0.13111157849619146,True,23,98105035.98835,48339937.373050004,0.7327,0.6843,1.286,1.205,-0.0030710461594040117,0.25,-0.0035177615398510028,0.8487201721603035,0.8457345769805823,-0.003523963411719148
381,2023-06-29,2023-06-30,2023-07-03,STXUSDT,IDUSDT,0.09382992327365725,-0.4330839567747299,0.12347976275232324,True,26,125945177.41215,52081631.082949996,0.6843,0.6985,0.2728,0.2808,-0.008574380652275115,0.25,-0.004893595163068779,0.8457345769805823,0.8415958943454301,-0.004905608006564421
382,2023-07-02,2023-07-03,2023-07-06,STXUSDT,HIGHUSDT,0.1378299120234605,-0.4055343511450382,0.1256420235818391,True,26,142359464.8439,41650554.9885,0.6985,0.6712,1.246,1.248,-0.04068888733137166,0.25,-0.012922221832842917,0.8415958943454301,0.8307206055050887,-0.013006440052447575
383,2023-07-05,2023-07-06,2023-07-09,STXUSDT,AMBUSDT,0.23454746136865356,-0.3084714548802946,0.11159941152622793,False,28,146605332.93414998,17268558.647715,0.6712,0.6436,0.00751,0.0068,0.053420231110208216,0.25,0.010605057777552052,0.8307206055050887,0.8395304455234732,0.010549218590588721
384,2023-07-08,2023-07-09,2023-07-12,GMXUSDT,AMBUSDT,0.08458390177353325,-0.28691099476439785,0.08734039694605412,False,28,10479143.1214,16111773.02994,55.65,55.54,0.0068,0.00665,0.02008218381692306,0.25,0.0022705459542307653,0.8395304455234732,0.84143663798001,0.002267972159974725
385,2023-07-11,2023-07-12,2023-07-15,FXSUSDT,AMBUSDT,0.2823289070480084,-0.1097724230254351,0.1050410782261581,False,28,17950251.02725,16243242.693385,6.276,6.583,0.00665,0.00748,-0.07589552274567879,0.25,-0.0217238806864197,0.84143663798001,0.8231573688513502,-0.021963318208616866
386,2023-07-14,2023-07-15,2023-07-18,LQTYUSDT,HIGHUSDT,0.5645712937846445,-0.04061738424045491,0.14819912612895483,True,29,18059436.7344,30796544.7131,1.3268,1.1984,1.181,1.156,-0.07560569227827696,0.25,-0.021651423069569242,0.8231573688513502,0.8053348404055161,-0.021889254319898105
387,2023-07-17,2023-07-18,2023-07-21,LQTYUSDT,AMBUSDT,0.4148069429684731,-0.1146732429099876,0.12847762237841473,True,28,18753824.39437,13971289.194825001,1.1984,1.1035,0.00719,0.0069,-0.038855121617882626,0.25,-0.012463780404470659,0.8053348404055161,0.7952973238026323,-0.01254210480806196
388,2023-07-20,2023-07-21,2023-07-24,LQTYUSDT,STXUSDT,0.25110531685749904,-0.1693128752501668,0.12063938598897976,True,27,22108999.183125,108599192.0025,1.1035,1.0842,0.6228,0.6251,-0.021182804523122045,0.25,-0.008045701130780512,0.7952973238026323,0.7888985992252068,-0.00807824244679175
389,2023-07-23,2023-07-24,2023-07-27,RDNTUSDT,CFXUSDT,0.1831238779174147,-0.27172630751081406,0.1106320203705771,False,26,30720156.65935,174630983.69905,0.3295,0.3037,0.1853,0.1736,-0.015159602563861063,0.25,-0.006539900640965266,0.7888985992252068,0.7837392807704773,-0.006561379488730829
390,2023-07-26,2023-07-27,2023-07-30,XVSUSDT,AMBUSDT,0.14365226610124582,-0.23032407407407407,0.11370038536316103,False,25,6168860.8182500005,12486270.59544,4.314,4.47,0.00665,0.00689,7.110962385081798e-05,0.25,-0.0027322225940372953,0.7837392807704773,0.7815979305997217,-0.002735961926868331
391,2023-07-29,2023-07-30,2023-08-02,LQTYUSDT,JOEUSDT,0.2578326782706346,-0.12835349815886377,0.10814733658079359,False,27,35952880.68519,9563254.839000002,1.1201,1.0754,0.3314,0.3266,-0.025423143905215717,0.25,-0.00910578597630393,0.7815979305997217,0.7744808671241585,-0.00914749704655628
392,2023-08-01,2023-08-02,2023-08-05,ASTRUSDT,PHBUSDT,0.23066516347237864,-0.22083819903983393,0.09165038194185365,False,28,7006116.699615,9563029.803100001,0.05458,0.05056,0.6005,0.5655,-0.015368590178759467,0.25,-0.006592147544689867,0.7744808671241585,0.7693753749775367,-0.006613971714287602
393,2023-08-04,2023-08-05,2023-08-08,ASTRUSDT,1000PEPEUSDT,0.1441502602398732,-0.30111434108527124,0.0978143401063306,False,29,8401271.793165,267643191.5604552,0.05056,0.05302,0.001154,0.001116,0.08158400609876482,0.25,0.0176460015246912,0.7693753749775367,0.7829517740174501,0.017492118482801074
394,2023-08-07,2023-08-08,2023-08-11,ASTRUSDT,1000PEPEUSDT,0.23526671325413462,-0.28077071787601493,0.10440291025290528,False,27,14149123.19825,258077894.96482152,0.05302,0.05358,0.001116,0.0012329,-0.09418705188682441,0.25,-0.026296762971706106,0.7829517740174501,0.7623626767978364,-0.026648706541317554
395,2023-08-10,2023-08-11,2023-08-14,ASTRUSDT,1000PEPEUSDT,0.2612994350282487,-0.17798813412439174,0.08736558836032358,False,29,17883798.662675,262078465.27022237,0.05358,0.05891,0.0012329,0.0013648,-0.007506117808832924,0.25,-0.004626529452208231,0.7623626767978364,0.7588355834203669,-0.00463726496450126
396,2023-08-13,2023-08-14,2023-08-17,ASTRUSDT,LQTYUSDT,0.32553430821147344,-0.252826775214835,0.11054891515019638,True,29,21831747.917365,35424107.672134995,0.05891,0.05569,0.9912,0.8771,0.06045334403624414,0.25,0.012363336009061032,0.7588355834203669,0.7682173227138249,0.01228753410719746
397,2023-08-16,2023-08-17,2023-08-20,CKBUSDT,GMXUSDT,0.023313316849169707,-0.29497424968922037,0.09287441703127741,False,26,3841211.5339155,15455006.24645,0.002897,0.002781,39.71,38.29,-0.004282167565036188,0.25,-0.003820541891259047,0.7682173227138249,0.7652823162508059,-0.003827858803756471
398,2023-08-19,2023-08-20,2023-08-23,USDCUSDT,BLURUSDT,0.00019009504752376394,-0.32910271546635184,0.0906985428280771,False,25,1960225.6146200001,13363683.68195,0.99969,0.99995,0.2273,0.2125,0.06537226716260924,0.25,0.013593066790652308,0.7652823162508059,0.7756848498893082,0.013501509818537302
399,2023-08-22,2023-08-23,2023-08-26,LEVERUSDT,BLURUSDT,0.10548172757475083,-0.3607099879663056,0.1065691810330057,False,23,6430854.698757499,12714723.6196,0.001331,0.001211,0.2125,0.2033,-0.0468636584611305,0.25,-0.014465914615282627,0.7756848498893082,0.7644638590824412,-0.01457156609278457
400,2023-08-25,2023-08-26,2023-08-29,LEVERUSDT,1000PEPEUSDT,0.043965517241379315,-0.3378885718576363,0.1108139938807433,True,22,11327939.15176,253956451.5380685,0.001211,0.001347,0.0008817,0.0008576,0.1396374412578658,0.25,0.03215936031446645,0.7644638590824412,0.789048527774061,0.03165307404736525
401,2023-08-28,2023-08-29,2023-09-01,LEVERUSDT,1000PEPEUSDT,0.1196013289036546,-0.36296791443850274,0.1267979687812184,True,21,32850541.150725,285359968.1811686,0.001347,0.001319,0.0008576,0.0008033,0.04252929741603795,0.25,0.007882324354009485,0.789048527774061,0.7952680642010297,0.007851421122040502
402,2023-08-31,2023-09-01,2023-09-04,AMBUSDT,1000PEPEUSDT,0.11289355322338834,-0.38307349665924284,0.12260799681866878,True,22,16278895.554715,285359968.1811686,0.007423,0.007676,0.0008033,0.0008023,0.03532811968090854,0.25,0.006082029920227135,0.7952680642010297,0.8001049083621015,0.0060636090294573204
403,2023-09-03,2023-09-04,2023-09-07,AMBUSDT,BLURUSDT,0.22635782747603828,-0.3772374197906112,0.13688800713804505,True,21,19882045.619768,17987078.599,0.007676,0.008028,0.1845,0.1936,-0.0034652759242548292,0.25,-0.003616318981063707,0.8001049083621015,0.7972114737951493,-0.0036228736698853377
404,2023-09-06,2023-09-07,2023-09-10,LEVERUSDT,BLURUSDT,0.2369747899159662,-0.33044982698961933,0.14172599457987933,True,20,61261364.622421,18870209.46385,0.001471,0.001416,0.1936,0.1869,-0.0027820929148104634,0.25,-0.0034455232287026157,0.7972114737951493,0.7944646631439999,-0.0034514727138530263
405,2023-09-09,2023-09-10,2023-09-13,AMBUSDT,1000PEPEUSDT,0.28434108527131774,-0.36282539939988645,0.15050971741758598,True,18,20798726.350505,234496947.80680695,0.008284,0.00757,0.0007857,0.0006714,0.0592851260216497,0.25,0.012071281505412423,0.7944646631439999,0.8040548697389138,0.011999004654926636
406,2023-09-12,2023-09-13,2023-09-16,AMBUSDT,1000PEPEUSDT,0.06022408963585435,-0.5080597889800704,0.1362383038491007,True,18,20798726.350505,220944148.9890617,0.00757,0.008534,0.0006714,0.0006838,0.10887591101855798,0.25,0.024468977754639493,0.8040548697389138,0.8237292704600648,0.02417440786221251
407,2023-09-15,2023-09-16,2023-09-19,AMBUSDT,1000PEPEUSDT,0.30106707317073167,-0.4130117586473264,0.1719269768870491,True,18,21102769.780865,190754724.42206934,0.008534,0.007985,0.0006838,0.0006263,0.01975800323986654,0.25,0.002189500809966635,0.8237292704600648,0.8255328263649303,0.002187107346092206
408,2023-09-18,2023-09-19,2023-09-22,KEYUSDT,1000PEPEUSDT,0.249050703596158,-0.4478138222849083,0.1747328653291575,True,18,10100731.390430499,156356072.6118245,0.00559,0.005441,0.0006263,0.0006114,-0.002864224880941957,0.25,-0.003466056220235489,0.8255328263649303,0.8226714831770996,-0.003472076909152969
409,2023-09-21,2023-09-22,2023-09-25,LEVERUSDT,1000PEPEUSDT,0.3215627347858754,-0.4297304858714912,0.18980464126586472,True,17,41692840.454116,131688174.61657125,0.001759,0.001861,0.0006114,0.0006759,-0.047508091012100406,0.25,-0.014627022753025104,0.8226714831770996,0.8106382486744033,-0.014735052379029057
410,2023-09-24,2023-09-25,2023-09-28,LEVERUSDT,1000PEPEUSDT,0.5375722543352599,-0.23361306418689043,0.20142308530803146,True,17,41692840.454116,131688174.61657125,0.001861,0.001914,0.0006759,0.0007353,-0.05940351070505323,0.25,-0.01760087767626331,0.8106382486744033,0.7963703040197848,-0.01775761498976325
411,2023-09-27,2023-09-28,2023-10-01,XVSUSDT,BLURUSDT,0.31175616835994213,-0.23462929475587702,0.15922433543811904,True,15,15375104.89095,12331871.524349999,4.521,4.713,0.1693,0.1787,-0.01305426027230272,0.25,-0.00601356506807568,0.7963703040197848,0.7915812793782786,-0.0060317193684578385
412,2023-09-30,2023-10-01,2023-10-04,MAVUSDT,BLURUSDT,0.31235539102267484,-0.1316812439261419,0.12311873432382299,True,16,13122443.0357,11743721.83015,0.2835,0.2521,0.1787,0.1727,-0.0771825520193361,0.25,-0.02204563800483403,0.7915812793782786,0.7741303650417016,-0.022292274662766967
413,2023-10-03,2023-10-04,2023-10-07,XVSUSDT,NMRUSDT,0.4127338732197712,-0.3498196805770222,0.14811391841511204,True,16,17166493.80155,14224701.215,5.059,5.129,12.61,12.68,0.008285576744768486,0.25,-0.0006786058138078786,0.7741303650417016,0.7736050356753391,-0.0006788361709534811
414,2023-10-06,2023-10-07,2023-10-10,XVSUSDT,NMRUSDT,0.3833288373347721,-0.1384928716904278,0.12469544633346653,True,15,17961492.1734,12221047.3865,5.129,5.137,12.68,12.42,0.02206449009867184,0.25,0.0027661225246679603,0.7736050356753391,0.7757449219897172,0.002762303848087959
415,2023-10-09,2023-10-10,2023-10-13,XVSUSDT,XVGUSDT,0.16989296287861522,-0.16228070175438603,0.08930946287424928,False,15,17534614.500299998,7791646.8278805,5.137,4.478,0.003246,0.003243,-0.1273607768222783,0.25,-0.03459019420556958,0.7757449219897172,0.7489117544841085,-0.03520259857257596
416,2023-10-12,2023-10-13,2023-10-16,COMBOUSDT,MDTUSDT,0.127719580983078,-0.09740978525570065,0.06714461559180568,False,14,6346163.64278,9775961.453445,0.5597,0.5408,0.04078,0.04147,-0.05068814890061901,0.25,-0.015422037225154756,0.7489117544841085,0.7373620095280986,-0.015542193815030561
417,2023-10-15,2023-10-16,2023-10-19,1000FLOKIUSDT,MDTUSDT,0.12096774193548399,-0.12083951664193338,0.060391760855544784,False,14,7435889.152615,8676552.468759999,0.01807,0.01836,0.04147,0.03822,0.09441860545805003,0.25,0.020854651364512505,0.7373620095280986,0.7527394371662435,0.02064016995400786
418,2023-10-18,2023-10-19,2023-10-22,1000FLOKIUSDT,SUIUSDT,0.16793893129770998,-0.14614525139664802,0.10596526561367635,False,14,8913134.249205,81853749.8463,0.01836,0.0239,0.3821,0.3905,0.2797591455087951,0.25,0.06718978637719877,0.7527394371662435,0.8033158391471362,0.06502882564729182
419,2023-10-21,2023-10-22,2023-10-25,1000FLOKIUSDT,SUIUSDT,0.5489306545690216,-0.11209640745793548,0.15833212827539697,True,14,12124205.568094999,94472424.76315999,0.0239,0.02566,0.3905,0.4344,-0.038779807027788715,0.25,-0.012444951756947181,0.8033158391471362,0.7933186122833586,-0.012523038704301867
420,2023-10-24,2023-10-25,2023-10-28,1000FLOKIUSDT,MDTUSDT,0.655907036797934,-0.016998434354730363,0.17294295836001755,True,15,15362563.150835,6257477.46093,0.02566,0.03442,0.04395,0.04522,0.31249090007865155,0.25,0.07537272501966288,0.7933186122833586,0.8531131978999729,0.07266732243433185
421,2023-10-27,2023-10-28,2023-10-31,1000FLOKIUSDT,MAVUSDT,1.2007672634271098,-0.07523770152955767,0.3041858086785947,True,17,25015325.564774998,12720025.91475,0.03442,0.03597,0.2236,0.2414,-0.034574481907698074,0.25,-0.01139362047692452,0.8531131978999729,0.8433931498992452,-0.011459025041817296
422,2023-10-30,2023-10-31,2023-11-03,1000FLOKIUSDT,MAVUSDT,0.9495934959349592,-0.14880112834978843,0.25340908423209646,True,16,34716043.241840005,12561892.6881,0.03597,0.03083,0.2414,0.2269,-0.08283057846004871,0.25,-0.02345764461501218,0.8433931498992452,0.823609133118173,-0.02373715491585043
423,2023-11-02,2023-11-03,2023-11-06,1000FLOKIUSDT,MAVUSDT,0.739841986455982,-0.09956366521221727,0.23885779056781822,True,13,42317327.29592,12561892.6881,0.03083,0.03104,0.2269,0.2359,-0.032853503488829094,0.25,-0.010963375872207276,0.823609133118173,0.8145795966200157,-0.011023916571066161
424,2023-11-05,2023-11-06,2023-11-09,AGLDUSDT,MAVUSDT,0.4140073899899226,-0.007154882154882136,0.12380778016714189,True,13,15442910.4976,11172038.2446,0.8421,0.8273,0.2359,0.251,-0.08158528364689521,0.25,-0.023146320911723806,0.8145795966200157,0.7957250758685063,-0.02341840367398222
425,2023-11-08,2023-11-09,2023-11-12,YGGUSDT,KEYUSDT,0.6633790737564325,0.09723275208491278,0.1576839452857952,True,13,34904685.01755001,6932246.6221515,0.388,0.4152,0.005789,0.006188,0.001179271743601884,0.25,-0.002455182064099529,0.7957250758685063,0.7937714259342796,-0.0024582009658981724
426,2023-11-11,2023-11-12,2023-11-15,BNTUSDT,MDTUSDT,1.27710843373494,0.19524159921510909,0.2993380865930015,True,14,38167538.96515,8322183.958079999,1.1529,0.7943,0.04873,0.04764,-0.28867356984146386,0.25,-0.07491839246036597,0.7937714259342796,0.7343033467223109,-0.07787332099408059
427,2023-11-14,2023-11-15,2023-11-18,YGGUSDT,KEYUSDT,0.705223880597015,0.03708487084870837,0.19797282654666343,True,14,35773193.07055,11383702.9706635,0.4114,0.3847,0.005621,0.005547,-0.05173542302690337,0.25,-0.015683855756725845,0.7343033467223109,0.7227866389506371,-0.015808148730717637
428,2023-11-17,2023-11-18,2023-11-21,YGGUSDT,KEYUSDT,0.7363431151241535,-0.03864818024263439,0.1822881203276657,True,15,41644171.29025,10451685.4653845,0.3847,0.3853,0.005547,0.005476,0.014359368431283381,0.25,0.0008398421078208453,0.7227866389506371,0.7233936656049982,0.0008394896377701299
429,2023-11-20,2023-11-21,2023-11-24,YGGUSDT,KEYUSDT,0.6835664335664335,-0.0948603536605519,0.19531776321732014,True,16,41753637.065799996,8534364.7713995,0.3853,0.3541,0.005476,0.005253,-0.040252707375903696,0.25,-0.012813176843975926,0.7233936656049982,0.7141246946397894,-0.012895973614559861
430,2023-11-23,2023-11-24,2023-11-27,SEIUSDT,AGLDUSDT,0.8181818181818183,-0.16687860706250612,0.23572549583263017,True,15,52453076.809149995,23157600.1954,0.1999,0.2286,0.8519,0.9255,0.05717666909520025,0.25,0.01154416727380006,0.7141246946397894,0.7223686695690626,0.011478041797233494
431,2023-11-26,2023-11-27,2023-11-30,SEIUSDT,XVGUSDT,1.1514581373471304,-0.0389125799573562,0.27976362336997046,True,15,53462332.72765,7840610.936734499,0.2286,0.2534,0.003606,0.003514,0.13399947302760185,0.25,0.03074986825690046,0.7223686695690626,0.7445814109912239,0.030286564792009953
432,2023-11-29,2023-11-30,2023-12-03,SEIUSDT,XVGUSDT,1.2317180616740089,-0.11371659102370146,0.3081821043212408,True,15,70117801.5007,7734618.805116501,0.2534,0.2707,0.003514,0.003593,0.04579000493684293,0.25,0.00869750123421073,0.7445814109912239,0.7510574087322904,0.008659895861557153
433,2023-12-02,2023-12-03,2023-12-06,SEIUSDT,XVGUSDT,1.446654611211573,-0.045671800318640376,0.35983952013320775,True,14,181997381.04665,6895664.847171,0.2707,0.3096,0.003593,0.00382,0.08052311214259222,0.25,0.017380778035648053,0.7510574087322904,0.7641113708454954,0.017231460005764247
434,2023-12-05,2023-12-06,2023-12-09,SEIUSDT,XVGUSDT,1.6371379897785348,-0.025523226135783394,0.37734138613949253,True,14,206383316.93365002,6616986.1682130005,0.3096,0.2821,0.00382,0.003978,-0.13018554595018716,0.25,-0.035296386487546794,0.7641113708454954,0.7371410005806036,-0.035934361075676165
435,2023-12-08,2023-12-09,2023-12-12,SEIUSDT,XVGUSDT,1.2152395915161036,-0.04581434396737827,0.29424155936998453,True,14,208560363.83429998,6165179.137121,0.2821,0.2397,0.003978,0.0036,-0.055278687157245154,0.25,-0.01656967178931129,0.7371410005806036,0.7249268161385385,-0.016708484322545982
436,2023-12-11,2023-12-12,2023-12-15,SEIUSDT,BNTUSDT,0.8042168674698795,-0.3719316506201753,0.2600612775604632,True,14,208560363.83429998,17532600.19475,0.2397,0.2579,0.7241,0.7537,0.035049911915742804,0.25,0.006012477978935701,0.7249268161385385,0.7292854226569114,0.005994475158214109
437,2023-12-14,2023-12-15,2023-12-18,SEIUSDT,CYBERUSDT,0.7000659195781147,-0.09675218340611358,0.19398082744696216,True,14,199964754.0925,39930155.46175,0.2579,0.2331,6.618,6.146,-0.024840662153612802,0.25,-0.008960165538403201,0.7292854226569114,0.7227509045451612,-0.009000549232350025
438,2023-12-17,2023-12-18,2023-12-21,WLDUSDT,BNTUSDT,1.109613071371291,-0.07357728870946734,0.3034123578470202,True,15,176843809.3756,14956079.95455,4.2082,3.4979,0.7113,0.7149,-0.17385066183271225,0.25,-0.046212665458178065,0.7227509045451612,0.6893506587838201,-0.04731455215163738
439,2023-12-20,2023-12-21,2023-12-24,SEIUSDT,ARKUSDT,1.3555284056200363,-0.39226379201014583,0.4138077631418668,True,15,228741606.70545,36105186.284549996,0.3856,0.3739,0.9584,1.0416,-0.11715367590520864,0.25,-0.03203841897630216,0.6893506587838201,0.6672649535561141,-0.032562881518295714
440,2023-12-23,2023-12-24,2023-12-27,SEIUSDT,ARKUSDT,0.8699999999999999,-0.32147511076361734,0.2855279692947751,True,16,237681293.39735,29392934.21655,0.3739,0.5035,1.0416,0.9746,0.4109408591879753,0.25,0.09998521479699382,0.6672649535561141,0.7339815832639283,0.0952967386203505
441,2023-12-26,2023-12-27,2023-12-30,SEIUSDT,ARKUSDT,1.20201136860516,-0.26652115008279387,0.36659417916450865,True,17,247919545.3426,23961219.6718,0.5035,0.5515,0.9746,0.941,0.12980835363210663,0.25,0.029702088408026656,0.7339815832639283,0.7557823691398968,0.02926952584984919
442,2023-12-29,2023-12-30,2024-01-02,SEIUSDT,ARKUSDT,1.177260165811291,-0.11769670824345879,0.3199931895566657,True,16,258685238.1908,18747276.71585,0.5515,0.7101,0.941,0.9691,0.257717480005742,0.25,0.0616793700014355,0.7557823691398968,0.802398549526638,0.059851965748891844
443,2024-01-01,2024-01-02,2024-01-05,SEIUSDT,ARKUSDT,1.6241685144124167,-0.14471128377185238,0.4169816201225392,True,16,291185004.9637,16537991.71125,0.7101,0.7718,0.9691,0.8423,0.2177322207921727,0.25,0.05168305519804317,0.802398549526638,0.843868958052653,0.05039179059322849
444,2024-01-04,2024-01-05,2024-01-08,SEIUSDT,ARKUSDT,1.4928940568475455,-0.20819625904690287,0.3805150828400834,True,15,334145253.9423,16325968.43315,0.7718,0.6772,0.8423,0.7257,0.015859873800918467,0.25,0.0012149684502296167,0.843868958052653,0.8448942322128151,0.0012142309733424147
445,2024-01-07,2024-01-08,2024-01-11,SEIUSDT,ARKUSDT,1.4014184397163123,-0.3232247830549595,0.37681411964345574,True,15,450778051.20085,16165104.0045,0.6772,0.7411,0.7257,0.8133,-0.02635191180668306,0.25,-0.009337977951670766,0.8448942322128151,0.8370046285009181,-0.009381850200105731
446,2024-01-10,2024-01-11,2024-01-14,SEIUSDT,BIGTIMEUSDT,2.0930717863105173,-0.34572670207629164,0.5015573776653722,True,18,525018384.95335,157986570.40225,0.7411,0.7235,0.4066,0.4182,-0.05227774907920257,0.25,-0.015819437269800646,0.8370046285009181,0.823763686285815,-0.01594590005416032
447,2024-01-13,2024-01-14,2024-01-17,SEIUSDT,BIGTIMEUSDT,1.8057386583947266,-0.42139496263492937,0.44180105904919575,True,19,527581650.02989995,145020581.7587,0.7235,0.7726,0.4182,0.4339,0.030322701332627267,0.25,0.004830675333156817,0.823763686285815,0.8277430212055062,0.004819045060744126
448,2024-01-16,2024-01-17,2024-01-20,SEIUSDT,WLDUSDT,2.3144573144573144,-0.3458459053004206,0.5427601190372062,True,22,533857844.492,155150883.67855,0.7726,0.706,2.7533,2.5153,0.00023929113412102243,0.25,-0.0026901772164697442,0.8277430212055062,0.8255162457887674,-0.0026938022459717837
449,2024-01-19,2024-01-20,2024-01-23,PENDLEUSDT,BIGTIMEUSDT,1.0604589165000475,-0.3455997222704391,0.344704340508546,True,24,23570842.5269,102328936.67265,2.1644,1.995,0.3769,0.3365,0.0289237419583811,0.25,0.004480935489595275,0.8255162457887674,0.8292153308317598,0.00447092598831191
450,2024-01-22,2024-01-23,2024-01-26,PENDLEUSDT,BIGTIMEUSDT,0.682865097443685,-0.4176908429980959,0.28239206184466215,True,23,30641608.5931,81378180.79475,1.995,2.4478,0.3365,0.3335,0.2358827231526066,0.25,0.05622068078815165,0.8292153308317598,0.8758343812510937,0.0546971414702881
451,2024-01-25,2024-01-26,2024-01-29,BSVUSDT,BIGTIMEUSDT,0.3597597597597597,-0.4248016557433597,0.16334166466448877,True,24,100897821.414,74280039.52309999,67.92,71.55,0.3335,0.3507,0.0018710167884254947,0.25,-0.002282245802893626,0.8758343812510937,0.8738355119104535,-0.002284854095111004
452,2024-01-28,2024-01-29,2024-02-01,SEIUSDT,BIGTIMEUSDT,0.1893019038984589,-0.3497125903949564,0.12561589149347566,False,23,451588016.43285,63798740.50235,0.6559,0.6497,0.3507,0.3333,0.04016239513654518,0.25,0.007290598784136294,0.8738355119104535,0.880206296031123,0.007264150838596916
453,2024-01-31,2024-02-01,2024-02-04,TIAUSDT,BSVUSDT,0.15607377903407738,-0.33727185398655135,0.11071835714947717,False,27,377868562.27065,46658332.9605,16.1959,17.7267,68.98,73.61,0.027396843708987095,0.25,0.004099210927246774,0.880206296031123,0.8838144472980453,0.004090832052179775
454,2024-02-03,2024-02-04,2024-02-07,TIAUSDT,POWRUSDT,0.1337712005320919,-0.4852020970742432,0.11178475554895775,False,29,318729179.91770005,35376799.46625,17.7267,17.4165,0.3045,0.3,-0.0027207017684854895,0.25,-0.003430175442121372,0.8838144472980453,0.8807828086855315,-0.0034360719818752293
455,2024-02-06,2024-02-07,2024-02-10,TIAUSDT,POWRUSDT,0.2168597258513003,-0.39123376623376627,0.12405703244625906,False,30,258326538.63315,27752898.496349998,17.4165,19.7288,0.3,0.3064,0.11143157350788035,0.25,0.025107893376970086,0.8807828086855315,0.9028974095342761,0.024797868881924097
456,2024-02-09,2024-02-10,2024-02-13,TIAUSDT,POWRUSDT,0.21001373761161823,-0.23869846000993544,0.09380879890037135,False,30,252672419.14034998,20382461.28215,19.7288,19.6836,0.3064,0.3965,-0.29635111908603373,0.25,-0.07683777977150844,0.9028974095342761,0.8335207772242159,-0.07995030669510589
457,2024-02-12,2024-02-13,2024-02-16,ARKUSDT,CAKEUSDT,0.10637509266123057,-0.12176297349446541,0.054064171309671505,False,32,14917490.4849,9873299.34825,0.8953,0.8932,2.5944,2.7957,-0.07993577675088748,0.25,-0.022733944187721872,0.8335207772242159,0.814571562395494,-0.022996344858692327
458,2024-02-15,2024-02-16,2024-02-19,RIFUSDT,STRAXUSDT,0.5256064690026951,-0.1277658815132049,0.1405885839605838,True,33,4410235.92238,12491349.18465,0.2207,0.21345,0.978,1.028,-0.08397476703146622,0.25,-0.02374369175786656,0.814571562395494,0.7952306263032516,-0.024030116141427027
459,2024-02-18,2024-02-19,2024-02-22,BEAMXUSDT,LOOMUSDT,0.7115486961149546,-0.02747474747474743,0.18889443519242,True,32,19839651.5882855,16331124.200775,0.03216,0.033975,0.09629,0.11621,-0.15043849774391105,0.25,-0.040359624435977765,0.7952306263032516,0.763135416885665,-0.04119667349113186
460,2024-02-21,2024-02-22,2024-02-25,BEAMXUSDT,ORDIUSDT,1.0116643969447567,0.05158780767759219,0.19771958463960207,True,34,24935185.857805,565865862.46325,0.033975,0.033101,65.975,64.03,0.0037560663182950593,0.25,-0.0018109834204262352,0.763135416885665,0.761753391298145,-0.0018126252333975248
461,2024-02-24,2024-02-25,2024-02-28,BEAMXUSDT,ARKUSDT,0.9850665707088881,-0.04156397042348181,0.2201838664033423,True,35,34170159.505539,16841706.0897,0.033101,0.036376,0.8553,0.8672,0.08502636226127125,0.25,0.01850659056531781,0.761753391298145,0.7758508494226422,0.018337427518297037
462,2024-02-27,2024-02-28,2024-03-02,BEAMXUSDT,ARKUSDT,1.0233062632105905,-0.012862834376778598,0.25617672577183986,True,38,46202938.006061,14228329.3774,0.036376,0.035453,0.8672,0.9844,-0.16052147435923458,0.25,-0.04288036858980865,0.7758508494226422,0.7425820790286831,-0.043826888643654485
463,2024-03-01,2024-03-02,2024-03-05,SUPERUSDT,TIAUSDT,1.4652546823035184,0.04967923980760536,0.31488981700814805,True,38,41027490.026700005,204719697.55624998,1.408,1.3616,17.0,15.663,0.045692513368983945,0.25,0.008673128342245984,0.7425820790286831,0.7490225887047508,0.008635732833099694
464,2024-03-04,2024-03-05,2024-03-08,1000BONKUSDT,TIAUSDT,2.646467575142553,-0.11653815129652922,0.48292946623743166,True,38,95697003.56269899,205583780.53915,0.03773,0.027063,15.663,16.7084,-0.3494626018370396,0.25,-0.0901156504592599,0.7490225887047508,0.6815239309149435,-0.09443777596442764
465,2024-03-07,2024-03-08,2024-03-11,1000BONKUSDT,TIAUSDT,1.7241795852627337,-0.040717902786868265,0.38352467964805687,True,39,127279701.239631,207060660.2278,0.027063,0.031026,16.7084,16.0574,0.18539853161458242,0.25,0.0435996329036456,0.6815239309149435,0.7112381241178846,0.04267592252074016
466,2024-03-10,2024-03-11,2024-03-14,TOKENUSDT,TIAUSDT,1.7756474941136897,-0.1861429295489102,0.3866762044553583,True,39,18028304.444760002,205618736.94875002,0.08254,0.07956,16.0574,17.2654,-0.11133381926672914,0.25,-0.030583454816682287,0.7112381241178846,0.6894860050850233,-0.031060888269306617
467,2024-03-13,2024-03-14,2024-03-17,TOKENUSDT,TIAUSDT,1.5812520272461885,-0.12295960617160395,0.35903924985498364,True,40,22275934.032065,205618736.94875002,0.07956,0.0628,17.2654,13.7636,-0.007836793794973484,0.25,-0.004709198448743371,0.6894860050850233,0.6862390786594467,-0.004720321658431422
468,2024-03-16,2024-03-17,2024-03-20,FRONTUSDT,AUCTIONUSDT,2.95233500578927,-0.33436245754862615,0.5024291954213864,True,41,18492896.06665,34770562.4261,2.0482,1.3899,21.55,19.446,-0.22377074907717065,0.25,-0.058692687269292665,0.6862390786594467,0.6459618630237203,-0.0604856117024118
469,2024-03-19,2024-03-20,2024-03-23,FRONTUSDT,AUCTIONUSDT,1.7094950282706178,-0.41928934010152286,0.3542868350716502,True,41,26047628.949699998,30268190.7103,1.3899,1.2989,19.446,21.464,-0.1692468913177334,0.25,-0.045061722829433354,0.6459618630237203,0.616853708593761,-0.04610857182510379
470,2024-03-22,2024-03-23,2024-03-26,TOKENUSDT,AUCTIONUSDT,2.350337144532395,-0.3044718081659106,0.4630371845338972,True,40,33856591.151365,29703094.59465,0.11429,0.18409,21.464,23.309,0.5247692147670067,0.25,0.12844230369175166,0.616853708593761,0.6960838199663442,0.12083818942148339
471,2024-03-25,2024-03-26,2024-03-29,TOKENUSDT,NTRNUSDT,4.119332406119611,-0.24953531598513012,0.7281509916384712,True,40,45555243.451295,31685142.0532,0.18409,0.17545,1.2923,1.2102,0.016596574956332266,0.25,0.0013991437390830665,0.6960838199663442,0.697057741284927,0.0013981658495141411
472,2024-03-28,2024-03-29,2024-04-01,TOKENUSDT,NTRNUSDT,3.261598251153753,-0.3098728112701763,0.607281251731093,True,40,54310477.878455,28806510.443400003,0.17545,0.18086,1.2102,1.194,0.04422121287946723,0.25,0.008305303219866805,0.697057741284927,0.7028470171880538,0.0082710039686745
473,2024-03-31,2024-04-01,2024-04-04,TOKENUSDT,USTCUSDT,2.4896817743490836,-0.22198159177043852,0.5230933891184936,True,39,91749974.99479,30707257.88142,0.18086,0.14396,0.02875,0.0253,-0.0840252128718344,0.25,-0.023756303217958602,0.7028470171880538,0.6861499703318966,-0.02404303441037415
474,2024-04-03,2024-04-04,2024-04-07,TOKENUSDT,1000RATSUSDT,1.4927285318559558,-0.5492117353260766,0.4011600276047345,True,39,86878338.37431,85390330.731645,0.14396,0.15185,0.2365,0.28232,-0.13893518107860614,0.25,-0.03748379526965154,0.6861499703318966,0.6604304653196984,-0.03820437687844396
475,2024-04-06,2024-04-07,2024-04-10,POLYXUSDT,BIGTIMEUSDT,1.1957083658146308,-0.40386511536186154,0.31312165415066123,True,39,259490407.20801497,74491709.17535,0.53522,0.53019,0.3022,0.2966,0.009132769762768445,0.25,-0.0004668075593078889,0.6604304653196984,0.66012217138609,-0.0004669165478756606
476,2024-04-09,2024-04-10,2024-04-13,POLYXUSDT,BIGTIMEUSDT,0.9583687340696687,-0.4874762480566591,0.26669124997507354,True,40,259490407.20801497,63950699.663550004,0.53019,0.43676,0.2966,0.2104,0.11440726149941749,0.25,0.02585181537485437,0.66012217138609,0.6771875278856111,0.025523306858432813
477,2024-04-12,2024-04-13,2024-04-16,POLYXUSDT,1000RATSUSDT,0.5514865200866692,-0.542965204236006,0.22710306294305152,True,39,264408149.692405,74396102.048845,0.43676,0.45159,0.18123,0.13091,0.3116127989505342,0.25,0.07515319973763354,0.6771875278856111,0.7280803374286328,0.07246316280968872
478,2024-04-15,2024-04-16,2024-04-19,POLYXUSDT,ACEUSDT,1.0302567099761721,-0.5198697375873136,0.30433087239113793,True,37,299280115.626665,41664777.6672675,0.45159,0.45134,5.0871,5.4597,-0.07379768749123661,0.25,-0.021199421872809154,0.7280803374286328,0.712645455198186,-0.021427356764846275
479,2024-04-18,2024-04-19,2024-04-22,POLYXUSDT,1000RATSUSDT,1.2452989752263455,-0.43981900452488687,0.36248702200919886,True,36,299280115.626665,67576831.738665,0.45134,0.46151,0.12997,0.16898,-0.27761328555666864,0.25,-0.07215332138916716,0.712645455198186,0.6612257186327419,-0.07488877685995962
480,2024-04-21,2024-04-22,2024-04-25,ONGUSDT,ACEUSDT,1.0035938657375656,-0.40553320125002557,0.2631732125166461,True,36,15168745.38503,32581092.880469,0.73048,0.67413,5.8203,5.4987,-0.0218861741656311,0.25,-0.008221543541407776,0.6612257186327419,0.6557894225963041,-0.008255526822034022
481,2024-04-24,2024-04-25,2024-04-28,ONGUSDT,ACEUSDT,0.6430260047281324,-0.47738612280585035,0.20969505822043114,True,36,28521520.740369998,31519853.970307,0.67413,0.5794,5.4987,5.5831,-0.15587094031231907,0.25,-0.04171773507807977,0.6557894225963041,0.6284313731974246,-0.04261290461582006
482,2024-04-27,2024-04-28,2024-05-01,ONGUSDT,NFPUSDT,0.30402683053098345,-0.4704712899076131,0.15594294102719128,False,35,140920275.00472498,29249450.96209,0.5794,0.58723,0.453,0.4031,0.12366850536560237,0.25,0.02816712634140059,0.6284313731974246,0.6461324790831763,0.027777728081272896
483,2024-04-30,2024-05-01,2024-05-04,ONGUSDT,1000RATSUSDT,0.35377380238830747,-0.6316156872699581,0.16888206110231693,True,34,244555377.7844,71009074.750285,0.58723,0.55153,0.11612,0.13114,-0.19014284613230759,0.25,-0.0502857115330769,0.6461324790831763,0.6136412476278478,-0.05159408860378165
484,2024-05-03,2024-05-04,2024-05-07,ONGUSDT,1000RATSUSDT,0.4287971814201703,-0.4453419038355817,0.18349969162232607,True,30,244555377.7844,67576831.738665,0.55153,0.57182,0.13114,0.12396,0.09153921814033039,0.25,0.020134804535082595,0.6136412476278478,0.6259967942034987,0.01993477987254788
485,2024-05-06,2024-05-07,2024-05-10,ONGUSDT,1000RATSUSDT,0.47524573669409964,-0.5609350097396848,0.1913843160945198,True,30,244555377.7844,63755518.67104,0.57182,0.55831,0.12396,0.11875,0.018403371022246984,0.25,0.0018508427555617459,0.6259967942034987,0.6271554158350551,0.001849132056606713
486,2024-05-09,2024-05-10,2024-05-13,ONGUSDT,1000RATSUSDT,0.4006170671750364,-0.513320763997049,0.19659461830412797,True,28,244555377.7844,51341492.14309999,0.55831,0.51261,0.11875,0.1193,-0.08648574598718506,0.25,-0.024371436496796267,0.6271554158350551,0.6118707374444091,-0.02467333518539818
487,2024-05-12,2024-05-13,2024-05-16,ZETAUSDT,ALTUSDT,0.3342391304347827,-0.3587761609719671,0.1943981212735938,True,28,38401858.50655,43463682.335675,1.6198,1.6339,0.31768,0.31673,0.011695208989709216,0.25,0.00017380224742730393,0.6118707374444091,0.611977081953712,0.00017378714556655123
488,2024-05-15,2024-05-16,2024-05-19,1000BONKUSDT,DYMUSDT,0.6930051813471503,-0.24787029403682326,0.23897715535756348,True,27,297153123.56630397,19708499.35535,0.024833,0.02627,2.737,2.7,0.07138499940288001,0.25,0.01509624985072,0.611977081953712,0.6212156408857997,0.014983435437046161
489,2024-05-18,2024-05-19,2024-05-22,1000BONKUSDT,PYTHUSDT,0.7851997825496058,-0.27990822681088157,0.23461115485229575,True,25,297153123.56630397,43356126.859699994,0.02627,0.032943,0.4394,0.464,0.19803055313514517,0.25,0.04675763828378629,0.6212156408857997,0.6502622171185684,0.04569742303287159
490,2024-05-21,2024-05-22,2024-05-25,ZETAUSDT,ONGUSDT,0.2416495472875293,-0.322320047101995,0.13537891969448054,False,26,38649148.9087,58634355.86317,1.6317,1.5493,0.49494,0.47623,-0.012696917144209507,0.25,-0.005924229286052377,0.6502622171185684,0.6464099146483011,-0.00594184714833352
491,2024-05-24,2024-05-25,2024-05-28,ONDOUSDT,ONGUSDT,0.3664359035569349,-0.2935845138322333,0.16546171829784842,False,27,140760491.993425,30777785.283129998,1.1448,1.2213,0.47623,0.47452,0.07041460134280553,0.25,0.01485365033570138,0.6464099146483011,0.6560114614940175,0.014744415236447808
492,2024-05-27,2024-05-28,2024-05-31,ONDOUSDT,DYMUSDT,0.5378997733568371,-0.13160010720986326,0.13949868371079144,False,23,142273767.70003998,19380975.83285,1.2213,1.1803,3.241,2.954,0.05498213053788403,0.25,0.010995532634471006,0.6560114614940175,0.663224656927462,0.010935521269393638
493,2024-05-30,2024-05-31,2024-06-03,ONDOUSDT,MAVIAUSDT,0.5833109739737055,-0.13372522292270117,0.18740959147232325,True,26,163348424.908315,10916822.568885,1.1803,1.3774,3.0504,3.167,0.1287669477053346,0.25,0.029441736926333645,0.663224656927462,0.6827511427997782,0.029016652320688997
494,2024-06-02,2024-06-03,2024-06-06,ONDOUSDT,LSKUSDT,0.6704669496664644,-0.1965114418306929,0.18961084755278068,True,26,178498521.288015,21991139.22995,1.3774,1.3815,1.5062,1.5201,-0.006251899486285684,0.25,-0.004312974871571421,0.6827511427997782,0.6798064542773461,-0.0043223025774620375
495,2024-06-05,2024-06-06,2024-06-09,MYROUSDT,LSKUSDT,0.6718816067653279,-0.21448870976076062,0.21628853757629035,True,27,57915492.161495,17470353.52215,0.27672,0.21186,1.5201,1.2919,-0.08426684908493909,0.25,-0.023816712271234775,0.6798064542773461,0.6636156995556942,-0.024104915396218774
496,2024-06-08,2024-06-09,2024-06-12,ONDOUSDT,LSKUSDT,0.5513526747459911,-0.35811180124223607,0.20535486748757115,True,26,186801821.58258498,12574731.569650002,1.2673,1.2724,1.2919,1.2113,0.06641303341550142,0.25,0.013853258353875353,0.6636156995556942,0.672808939289327,0.013758179069332755
497,2024-06-11,2024-06-12,2024-06-15,ONDOUSDT,AEVOUSDT,0.622386537480877,-0.42087884175768353,0.21285010805444873,True,28,190237488.36177498,156607035.68739998,1.2724,1.2011,0.684,0.6268,0.02758989320729266,0.25,0.004147473301823165,0.672808939289327,0.6755993964022574,0.004138896241668682
498,2024-06-14,2024-06-15,2024-06-18,ONDOUSDT,LSKUSDT,0.4248428046031558,-0.4164733776609453,0.17490439948583306,False,27,197492239.038285,7311835.2731,1.2011,1.1071,1.1321,1.049,-0.0048581839464634236,0.25,-0.003964545986615856,0.6755993964022574,0.6729209515266907,-0.00397242563209556
499,2024-06-17,2024-06-18,2024-06-21,TONUSDT,LSKUSDT,0.20173779868414887,-0.4519044882177753,0.16057104134610936,False,27,114216101.24142,6952271.6041,7.6898,7.1405,1.049,1.0156,-0.03959243945175328,0.25,-0.012648109862938323,0.6729209515266907,0.6644097734027081,-0.012728778127015748
500,2024-06-20,2024-06-21,2024-06-24,ONDOUSDT,AEVOUSDT,0.3242695670718705,-0.5140476444824271,0.17927396535540938,False,27,205432057.553815,99291413.9822,1.242,1.0962,0.4548,0.4596,-0.12794539405758876,0.25,-0.03473634851439719,0.6644097734027081,0.6413306039574199,-0.03535400098457462
501,2024-06-23,2024-06-24,2024-06-27,TONUSDT,ALTUSDT,0.1739988101574974,-0.4924414528116674,0.1499303859356309,False,27,131730578.61733,29714514.368984997,7.4988,7.6303,0.18096,0.18538,-0.0068891482407298366,0.25,-0.004472287060182459,0.6413306039574199,0.6384623893960422,-0.004482317653591363
502,2024-06-26,2024-06-27,2024-06-30,TONUSDT,DYMUSDT,0.1916488389887412,-0.5316049382716049,0.16859686941542654,False,25,145486592.16663498,17083158.695815,7.6303,7.6076,1.5172,1.422,0.05977218450733901,0.25,0.01219304612683475,0.6384623893960422,0.6462471907601972,0.012119309715789417
503,2024-06-29,2024-06-30,2024-07-03,TONUSDT,DYMUSDT,0.17659794930483597,-0.5186865267433989,0.16521262701787,False,25,145486592.16663498,16303319.723749999,7.6076,8.1015,1.422,1.5101,0.0029669272174268624,0.25,-0.0020082681956432842,0.6462471907601972,0.6449493530804697,-0.002010287470165429
504,2024-07-02,2024-07-03,2024-07-06,TONUSDT,ALTUSDT,0.18555373448841017,-0.5838319263448352,0.16908157546117103,False,27,145486592.16663498,26354051.863135003,8.1015,7.2172,0.15237,0.11706,0.12258590515002754,0.25,0.027896476287506883,0.6449493530804697,0.6629411674153219,0.027514457961505402
505,2024-07-05,2024-07-06,2024-07-09,TONUSDT,PORTALUSDT,0.00127621795583166,-0.692818885141837,0.16681561554214358,False,27,145486592.16663498,22009750.838515,7.2172,7.1126,0.3096,0.3755,-0.22734845239788215,0.25,-0.05958711309947054,0.6629411674153219,0.6234384170942502,-0.06143625877280311
506,2024-07-08,2024-07-09,2024-07-12,TONUSDT,TNSRUSDT,0.017700761261518982,-0.6118806606286629,0.15178279468067485,False,27,161627563.28669,36950177.343065,7.1126,7.3167,0.4372,0.4216,0.06437716461533083,0.25,0.013344291153832705,0.6234384170942502,0.6317577608484404,0.013256040330204283
507,2024-07-11,2024-07-12,2024-07-15,OMUSDT,ALTUSDT,0.2126215814166379,-0.5303582841460206,0.16452701002960682,False,28,41696325.872062996,28716238.94156,1.05974,1.07648,0.12493,0.12615,0.006030858738609757,0.25,-0.0012422853153475609,0.6317577608484404,0.6309729374592815,-0.001243057591407629
508,2024-07-14,2024-07-15,2024-07-18,OMUSDT,PIXELUSDT,0.40809304516196554,-0.4670724958494743,0.17795139621197506,False,28,41696325.872062996,28012886.81875,1.07648,1.29344,0.1925,0.2259,0.02803928532822697,0.25,0.004259821332056743,0.6309729374592815,0.6336607694382211,0.0042507739774755495
509,2024-07-17,2024-07-18,2024-07-21,OMUSDT,ENAUSDT,0.8396092261312249,-0.3222748815165877,0.22718613277396857,True,27,51013843.1143565,133003021.36335,1.29344,1.33345,0.4576,0.5012,-0.06434670444597446,0.25,-0.018836676111493617,0.6336607694382211,0.6217247067597536,-0.01901634612997337
510,2024-07-20,2024-07-21,2024-07-24,OMUSDT,ETHFIUSDT,0.875311159552774,-0.29502026635784595,0.2427763025097417,True,26,63521740.081268,130406972.9602,1.33345,1.25888,2.436,2.426,-0.05181751645992072,0.25,-0.015704379114980183,0.6217247067597536,0.6119609062596485,-0.015828999320578574
511,2024-07-23,2024-07-24,2024-07-27,OMUSDT,ETHFIUSDT,0.922218320074514,-0.24681775846010556,0.23817913766063373,True,26,64329764.6308815,150004651.33505,1.25888,1.19735,2.426,2.194,0.046753888406439126,0.25,0.008938472101609779,0.6119609062596485,0.6174309017475261,0.008898760425561009
512,2024-07-26,2024-07-27,2024-07-30,OMUSDT,ETHFIUSDT,0.6765616029796826,-0.3175738724727838,0.21921605218093468,True,24,64329764.6308815,166441789.85334998,1.19735,1.17172,2.194,2.136,0.005030129777247816,0.25,-0.001492467555688046,0.6174309017475261,0.6165094061587888,-0.0014935823947692247
513,2024-07-29,2024-07-30,2024-08-02,OMUSDT,ETHFIUSDT,0.6472068727942522,-0.2844221105527638,0.20848833317132065,True,25,64329764.6308815,166441789.85334998,1.17172,1.22705,2.136,1.911,0.15255825777297716,0.25,0.03538956444324429,0.6165094061587888,0.6383274055179115,0.03477774666651686
514,2024-08-01,2024-08-02,2024-08-05,OMUSDT,OMNIUSDT,0.46599761051373956,-0.3965591134512949,0.18577093106699344,False,23,64329764.6308815,21105655.618025,1.22705,0.97993,9.856,7.814,0.005789855315012193,0.25,-0.0013025361712469517,0.6383274055179115,0.6374959609831261,-0.0013033852088338792
515,2024-08-04,2024-08-05,2024-08-08,SAGAUSDT,OMNIUSDT,0.3081038903132316,-0.29947099435129565,0.15897527351034507,False,23,82128605.32714501,20142785.057740003,1.1736,0.91,7.814,7.145,-0.13899248181431634,0.25,-0.03749812045357909,0.6374959609831261,0.6135910606495106,-0.038219260046602234
516,2024-08-07,2024-08-08,2024-08-11,TAOUSDT,STRKUSDT,0.07289185326345882,-0.42774375103459683,0.13770422089834827,False,21,38395394.112055,50686290.446040004,247.7,295.33,0.3457,0.3964,0.04563010649669175,0.25,0.008657526624172934,0.6135910606495106,0.6189032415934382,0.008620265147586518
517,2024-08-10,2024-08-11,2024-08-14,TAOUSDT,OMNIUSDT,0.2014646053702196,-0.3470647098065377,0.125778358305613,False,21,39664977.49751,17863482.153334998,295.33,284.74,7.828,8.124,-0.07367117157995529,0.25,-0.021167792894988824,0.6189032415934382,0.6058024259533511,-0.02139504327064897
518,2024-08-13,2024-08-14,2024-08-17,SAGAUSDT,OMNIUSDT,0.28198889987075204,-0.3545208962339107,0.14239255833402198,False,21,90279628.32760999,19203215.925630003,1.6861,1.4152,8.124,7.167,-0.042867513390615675,0.25,-0.013466878347653921,0.6058024259533511,0.5976441583803237,-0.013558379169411045
519,2024-08-16,2024-08-17,2024-08-20,TONUSDT,MYROUSDT,-0.07786509403349384,-0.4896968844503833,0.1196030271259539,False,22,85682073.041165,29208194.30808,6.5358,6.8272,0.07256,0.07586,-0.0008943954614080152,0.25,-0.0029735988653520036,0.5976441583803237,0.5958670043890797,-0.0029780287945259535
520,2024-08-19,2024-08-20,2024-08-23,TONUSDT,MYROUSDT,-0.058927316084744996,-0.5028526460751523,0.11018918572066953,False,20,97612099.547625,22484296.88267,6.8272,6.5018,0.07586,0.07529,-0.040148450721856355,0.25,-0.012787112680464091,0.5958670043890797,0.5882475858613859,-0.012869571500160309
521,2024-08-22,2024-08-23,2024-08-26,TAOUSDT,MYROUSDT,-0.027525168040390513,-0.44865221213009077,0.11126736483579205,False,18,43868720.934945,21615595.156935,319.77,348.84,0.07529,0.08608,-0.05240343399461489,0.25,-0.015850858498653725,0.5882475858613859,0.5789233566157225,-0.01597782684852627
522,2024-08-25,2024-08-26,2024-08-29,SAGAUSDT,MYROUSDT,0.22613670581150247,-0.42796384901648055,0.13486112058722124,False,18,108335961.37434,20673667.68375,1.6294,1.2821,0.08608,0.06702,0.008275989793492644,0.25,-0.000681002551626839,0.5789233566157225,0.5785291083326708,-0.0006812345391932316
523,2024-08-28,2024-08-29,2024-09-01,TAOUSDT,MYROUSDT,-0.06352793471437546,-0.5109100197037146,0.12055525382225286,False,18,45860484.82538,19863889.53064,298.37,281.09,0.06702,0.06416,-0.015240840997550964,0.25,-0.006560210249387741,0.5785291083326708,0.5747338357466177,-0.006581823003307875
524,2024-08-31,2024-09-01,2024-09-04,TAOUSDT,MYROUSDT,-0.0560722559849578,-0.4444732969791396,0.09929342857405855,False,16,47655604.14443,17648899.732145,281.09,247.65,0.06416,0.06339,-0.10696420902101,0.25,-0.029491052255252503,0.5747338357466177,0.5577843301637525,-0.02993465668888883
525,2024-09-03,2024-09-04,2024-09-07,TAOUSDT,NOTUSDT,0.13822745242254308,-0.28310835461510386,0.10663847494426311,False,15,46909329.405385,263411956.189704,247.65,231.16,0.00786,0.00735,-0.0017004113475831417,0.25,-0.0031751028368957853,0.5577843301637525,0.5560133075546736,-0.0031801541710790395
526,2024-09-06,2024-09-07,2024-09-10,SAGAUSDT,NOTUSDT,0.4287912087912087,-0.3084595840782911,0.15866559408413786,False,15,94241409.74821,239406717.2066425,1.3,1.5141,0.00735,0.008329,0.03149502878074317,0.25,0.005123757195185793,0.5560133075546736,0.5588621847398759,0.005110675417495584
527,2024-09-09,2024-09-10,2024-09-13,SAGAUSDT,NOTUSDT,0.15766936840495482,-0.3048994240881395,0.1211981280330513,False,15,96748592.40953,218069208.652292,1.5141,1.377,0.008329,0.007772,-0.023674066012642547,0.25,-0.008668516503160638,0.5588621847398759,0.554017678668466,-0.00870630664045542
528,2024-09-12,2024-09-13,2024-09-16,TAOUSDT,ENAUSDT,0.02921963896888391,-0.3777189888300999,0.11359287082664674,False,13,45466818.714835,109493965.8035,293.06,302.04,0.2117,0.2119,0.029697456199873296,0.25,0.004674364049968324,0.554017678668466,0.5566073589886807,0.004663473135876647
529,2024-09-15,2024-09-16,2024-09-19,BBUSDT,NOTUSDT,0.19481509721692736,-0.29684151681729243,0.13668408436875779,False,13,37257370.640949994,193521685.44702852,0.3134,0.3573,0.007547,0.007567,0.137426519824839,0.25,0.03160662995620975,0.5566073589886807,0.5741998418151392,0.031117421871606394
530,2024-09-18,2024-09-19,2024-09-22,SAGAUSDT,NOTUSDT,0.6739011632445937,-0.29451799366026477,0.22764930542580014,True,15,82322749.418945,173870384.0772385,2.1439,2.4336,0.007567,0.007652,0.12389458591761637,0.25,0.02822364647940409,0.5741998418151392,0.5904058551590594,0.02783269831238351
531,2024-09-21,2024-09-22,2024-09-25,SAGAUSDT,NOTUSDT,0.8868729161820577,-0.28628731343283587,0.2809242315167307,True,15,104757366.644075,173870384.0772385,2.4336,2.3558,0.007652,0.00785,-0.05784468735833903,0.25,-0.01721117183958476,0.5904058551590594,0.5802442785308198,-0.017361005757866758
532,2024-09-24,2024-09-25,2024-09-28,TAOUSDT,NOTUSDT,0.5772560486182778,-0.18373713216179688,0.21492098791261385,True,15,63852570.339955,157366674.230203,550.17,549.31,0.00785,0.009977,-0.2725185672199296,0.25,-0.07087964180498241,0.5802442785308198,0.5391167719091648,-0.07351699183774492
533,2024-09-27,2024-09-28,2024-10-01,TAOUSDT,NOTUSDT,0.8409974527416542,0.12126320521465495,0.2145852383505769,True,15,63852570.339955,157366674.230203,549.31,577.88,0.009977,0.008444,0.20566410716467087,0.25,0.048666026791167716,0.5391167719091648,0.5653534431744642,0.04751890578772141
534,2024-09-30,2024-10-01,2024-10-04,SAGAUSDT,NOTUSDT,1.133185525378098,0.007877775125328279,0.31621327158199153,True,14,162112428.836605,162738975.49553102,2.6943,2.1344,0.008444,0.00712,-0.05101135222870723,0.25,-0.01550283805717681,0.5653534431744642,0.5565888602998632,-0.015624263646753143
535,2024-10-03,2024-10-04,2024-10-07,TAOUSDT,NOTUSDT,1.0059771414724765,-0.09414758269720114,0.30891810334674585,True,13,125277047.395715,162738975.49553102,496.69,634.36,0.00712,0.007735,0.19079849332921017,0.25,0.04494962333230254,0.5565888602998632,0.5816073199212977,0.043968676917253785
536,2024-10-06,2024-10-07,2024-10-10,TAOUSDT,NOTUSDT,1.7442031493337948,0.05252415294597901,0.4563338760098689,True,12,195328116.90166998,151983670.9049755,634.36,569.52,0.007735,0.007386,-0.05709366800749327,0.25,-0.01702341700187332,0.5816073199212977,0.5717063759829355,-0.01716998109417428
537,2024-10-09,2024-10-10,2024-10-13,TURBOUSDT,NOTUSDT,0.7304359107420861,-0.11311239193083578,0.22579360212878266,True,10,107968729.20446256,153019697.508972,0.006669,0.0092325,0.007386,0.007879,0.31764256190268414,0.25,0.07666064047567103,0.5717063759829355,0.6155337529298122,0.07386425146937174
538,2024-10-12,2024-10-13,2024-10-16,TURBOUSDT,NOTUSDT,1.541756124415084,0.013767370046320115,0.4405960154532731,True,10,130108715.6274656,151944924.85799348,0.0092325,0.0123284,0.007879,0.00865,0.23747123523828662,0.25,0.05661780880957165,0.6155337529298122,0.6503839252690304,0.05507306043243499
539,2024-10-15,2024-10-16,2024-10-19,TURBOUSDT,ZROUSDT,2.270238726790451,0.10719095071370854,0.6815380134689024,True,9,182068651.55042154,106030035.069755,0.0123284,0.0103471,4.1105,3.8908,-0.107261744452266,0.25,-0.0295654361130665,0.6503839252690304,0.6311550408775235,-0.030011303801393285
540,2024-10-18,2024-10-19,2024-10-22,MEWUSDT,IOUSDT,1.0407620735489589,-0.09134615384615397,0.40921554394157783,True,9,140984307.48298252,83341484.1784,0.009212,0.009247,1.891,1.855,0.022836938369078408,0.25,0.002959234592269602,0.6311550408775235,0.6330227767075736,0.002954864676531415
541,2024-10-21,2024-10-22,2024-10-25,MEWUSDT,BBUSDT,0.8256663376110562,-0.13749338974087777,0.3315283128253303,True,9,141065689.904654,25543175.9677,0.009247,0.011253,0.3262,0.3073,0.2748751363973283,0.25,0.06596878409933207,0.6330227767075736,0.6747825195941553,0.0638840421060096
542,2024-10-24,2024-10-25,2024-10-28,MEWUSDT,BBUSDT,0.9283755997258396,-0.17129754518478557,0.3590676508863532,True,10,161458979.876334,23278394.5132,0.011253,0.01,0.3073,0.2794,-0.02055732673839672,0.25,-0.00788933168459918,0.6747825195941553,0.6694589364821074,-0.007920617117892359
543,2024-10-27,2024-10-28,2024-10-31,MEWUSDT,ZROUSDT,0.6369291209690622,-0.3239711176973724,0.31813922303923436,True,10,175990525.7402995,56334418.66889,0.01,0.009553,3.3985,3.5867,-0.10007737237016334,0.25,-0.027769343092540838,0.6694589364821074,0.6508685015885682,-0.0281622013280861
544,2024-10-30,2024-10-31,2024-11-03,MEWUSDT,RENDERUSDT,0.6668993194904904,-0.22724448586517554,0.31524839148872397,True,9,191763710.4295385,39270742.566,0.009553,0.008777,4.975,4.6,-0.005854142480433255,0.25,-0.004213535620108314,0.6508685015885682,0.6481260439731183,-0.004222437575924441
545,2024-11-02,2024-11-03,2024-11-06,MEWUSDT,ZROUSDT,0.8271913387466168,-0.19627354419454746,0.34115555294254574,True,9,207737376.356489,47515181.433325,0.008777,0.00853,3.1662,3.0954,-0.005780544007587651,0.25,-0.004195136001896913,0.6481260439731183,0.6454070670722797,-0.004203960272925968
546,2024-11-05,2024-11-06,2024-11-09,TURBOUSDT,ZROUSDT,0.40558785249457685,-0.268861907686493,0.23888764977670865,True,9,225105767.85442823,44445555.482875004,0.0080997,0.0085464,3.0954,3.6346,-0.11904377449093584,0.25,-0.03251094362273396,0.6454070670722797,0.6244242743009787,-0.03305116538014066
547,2024-11-08,2024-11-09,2024-11-12,MEWUSDT,NOTUSDT,0.6108915993815496,-0.1550230165177363,0.22121983751254362,True,9,190879094.6169045,96711848.7777995,0.009379,0.011498,0.006242,0.007871,-0.035043777028305634,0.25,-0.011510944257076411,0.6244242743009787,0.6172365612867348,-0.01157770801300504
548,2024-11-11,2024-11-12,2024-11-15,MEWUSDT,TURBOUSDT,0.68478898007034,-0.01719694180329634,0.22609980986858896,True,8,214543139.054038,236799718.47765774,0.011498,0.010144,0.0090753,0.0087614,-0.08317122210437344,0.25,-0.023542805526093363,0.6172365612867348,0.6027050809607666,-0.02382436529041632
549,2024-11-14,2024-11-15,2024-11-18,RENDERUSDT,TURBOUSDT,0.1996714728965141,-0.28950911686457725,0.15037036407303833,False,11,34318168.14925,236799718.47765774,6.574,7.089,0.0087614,0.00924,0.023712937842956805,0.25,0.0031782344607392014,0.6027050809607666,0.6046206190187386,0.003173194549451783
550,2024-11-17,2024-11-18,2024-11-21,MEWUSDT,SYNUSDT,0.31914893617021267,-0.12591866731994117,0.15122798290138553,False,12,219300729.5110695,9112006.4769,0.012154,0.010315,0.5354,0.4562,-0.003381427575353091,0.25,-0.0035953568938382726,0.6046206190187386,0.6024467921079929,-0.0036018357232328255
551,2024-11-20,2024-11-21,2024-11-24,BRETTUSDT,SYNUSDT,0.5323816823146197,-0.24416100712274313,0.20639443009524988,False,17,19614840.03338,8952045.79245,0.15998,0.16286,0.4562,0.4897,-0.05543045467268248,0.25,-0.016607613668170623,0.6024467921079929,0.5924415885290346,-0.016747066222768694
552,2024-11-23,2024-11-24,2024-11-27,BRETTUSDT,SYNUSDT,0.5960388273360135,-0.2519480519480519,0.22250319372035096,True,18,26355299.78756,9618373.80335,0.16286,0.16553,0.4897,0.5577,-0.12246607763298623,0.25,-0.03336651940824656,0.5924415885290346,0.5726738747671282,-0.03393588268730778
553,2024-11-26,2024-11-27,2024-11-30,BRETTUSDT,TURBOUSDT,0.7870180365050219,-0.27652943724315693,0.23422987692787967,True,21,46586408.028325,163900264.48154086,0.16553,0.17412,0.0068495,0.0078548,-0.09487592070379303,0.25,-0.02646898017594826,0.5726738747671282,0.5575157813286336,-0.026825590451494578
554,2024-11-29,2024-11-30,2024-12-03,BRETTUSDT,POPCATUSDT,0.7935723114956736,-0.1978958504760785,0.24026968041352592,True,21,47704161.593954995,272399181.81605005,0.17412,0.19972,1.3647,1.2182,0.25437464084699,0.25,0.0608436602117475,0.5575157813286336,0.5914370820904798,0.05906449741900535
555,2024-12-02,2024-12-03,2024-12-06,BRETTUSDT,POPCATUSDT,1.4295097919961073,-0.1754112788572203,0.36600881567020366,True,22,62495598.06566,272399181.81605005,0.19972,0.19864,1.2182,1.3492,-0.11294327902110068,0.25,-0.030985819755275174,0.5914370820904798,0.5731109192682383,-0.031476033302960456
556,2024-12-05,2024-12-06,2024-12-09,BRETTUSDT,NEIROETHUSDT,1.4733565737051793,0.03045550847457612,0.3809280144012363,True,25,68546908.29671,126835649.69653,0.19864,0.21008,0.07785,0.08142,0.01173420492489563,0.25,0.00018355123122390754,0.5731109192682383,0.5732161144830978,0.0001835343877576411
557,2024-12-08,2024-12-09,2024-12-12,BRETTUSDT,NEIROETHUSDT,1.3043001316366825,-0.19154006553470349,0.34532573674613226,True,26,68546908.29671,117392173.41306,0.21008,0.18309,0.08142,0.06546,0.06754576703348025,0.25,0.01413644175837006,0.5732161144830978,0.5813193507004473,0.014037454063993355
558,2024-12-11,2024-12-12,2024-12-15,ZROUSDT,NEIROETHUSDT,0.6755673575766517,-0.3476180984652182,0.25636901399181106,True,26,94278844.80551,111339718.72674,6.8147,6.4266,0.06546,0.05789,0.05869272483693,0.25,0.011923181209232497,0.5813193507004473,0.588250526659282,0.01185266008810826
559,2024-12-14,2024-12-15,2024-12-18,ZROUSDT,POPCATUSDT,0.8832459045218766,-0.34406535319557907,0.29045745318948935,True,28,86678007.382805,241627057.97430003,6.4266,6.5699,1.0919,1.0415,0.06845602223246594,0.25,0.014364005558116483,0.588250526659282,0.5967001604937808,0.014261820591496076
560,2024-12-17,2024-12-18,2024-12-21,KDAUSDT,POPCATUSDT,0.9379893517068589,-0.4535390104412613,0.31523768101567673,True,29,31017919.978699997,195041118.04735,1.2378,1.0234,1.0415,0.7931,0.06529162552581369,0.25,0.01357290638145342,0.5967001604937808,0.6047991159099612,0.013481619578205315
561,2024-12-20,2024-12-21,2024-12-24,UXLINKUSDT,POPCATUSDT,1.1118387041185591,-0.4751885668916237,0.3274875409815895,True,30,45018895.57445,195041118.04735,1.2255,1.4692,0.7931,0.8147,0.17162270811781832,0.25,0.04015567702945458,0.6047991159099612,0.6290852338761412,0.03937039140233198
562,2024-12-23,2024-12-24,2024-12-27,UXLINKUSDT,POPCATUSDT,1.5495401700503209,-0.44981764149669046,0.3450850717174857,True,32,68970129.18335,184885127.0999,1.4692,2.019,0.8147,0.7294,0.4789183780700469,0.25,0.11697959451751172,0.6290852338761412,0.7026753694519263,0.11062825180696045
563,2024-12-26,2024-12-27,2024-12-30,UXLINKUSDT,NEIROUSDT,2.618706325031356,-0.45401822700911354,0.49550030772086784,True,34,198642920.456,551676208.0981115,2.019,1.6129,0.0009227,0.0009214,-0.19973026917310366,0.25,-0.05268256729327592,0.7026753694519263,0.6656566270154477,-0.054121043750470714
564,2024-12-29,2024-12-30,2025-01-02,UXLINKUSDT,NEIROUSDT,1.3302513724357121,-0.5246569689466625,0.30266102461993744,True,35,372229791.75575,529101145.81218576,1.6129,1.4516,0.0009214,0.0009821,-0.16588421173369383,0.25,-0.04422105293342346,0.6656566270154477,0.6362205900767135,-0.04522861958560804
565,2025-01-01,2025-01-02,2025-01-05,UXLINKUSDT,NEIROUSDT,1.2734534064213001,-0.46415320820602357,0.2802294620509079,True,37,423934650.46255,447954872.8424649,1.4516,1.6656,0.0009821,0.0010911,0.03643687141749696,0.25,0.00635921785437424,0.6362205900767135,0.6402664554124499,0.006339083343260647
566,2025-01-04,2025-01-05,2025-01-08,UXLINKUSDT,COSUSDT,1.518221684560714,-0.46642810670136625,0.3152060405664374,True,37,442611014.84005,10934108.876617499,1.6656,1.6001,0.008202,0.007439,0.05370092308968,0.25,0.010675230772419997,0.6402664554124499,0.6471014475798171,0.010618652795526755
567,2025-01-07,2025-01-08,2025-01-11,UXLINKUSDT,POPCATUSDT,1.3773584905660377,-0.5341463414634147,0.29479460729763224,True,37,488808306.49144995,148456260.11645,1.6001,1.2866,0.7067,0.5344,0.04788399960887546,0.25,0.009220999902218863,0.6471014475798171,0.6530683699646763,0.009178746032619353
568,2025-01-10,2025-01-11,2025-01-14,UXLINKUSDT,POPCATUSDT,1.2112046743426705,-0.5741611540607316,0.27085471253959953,True,37,488808306.49144995,144450954.09895003,1.2866,1.1597,0.5344,0.5552,-0.13755420916289607,0.25,-0.03713855229072402,0.6530683699646763,0.6288143561573253,-0.03784575322641386
569,2025-01-13,2025-01-14,2025-01-17,UXLINKUSDT,NEIROUSDT,0.5318980319640734,-0.5519856931425752,0.17073772814776317,False,37,488808306.49144995,313625170.14243114,1.1597,1.1786,0.0007264,0.0007973,-0.08130730727869384,0.25,-0.023076826819673463,0.6288143561573253,0.6143033161585582,-0.02334726546595323
570,2025-01-16,2025-01-17,2025-01-20,UXLINKUSDT,NEIROUSDT,0.3726997437689261,-0.4425174825174826,0.13927030251580913,False,37,346221491.44355,288215008.207179,1.1786,0.9032,0.0007973,0.000586,0.0313523779954018,0.25,0.005088094498850451,0.6143033161585582,0.6174289494821301,0.0050751938872190035
571,2025-01-19,2025-01-20,2025-01-23,SYNUSDT,NEIROUSDT,0.026149684400360584,-0.44929987783103087,0.11091070520341571,False,38,9903281.3013,288215008.207179,0.5688,0.5206,0.000586,0.0005801,-0.07467154370856788,0.25,-0.021417885927141972,0.6174289494821301,0.6042049266740067,-0.02165057735028476
572,2025-01-22,2025-01-23,2025-01-26,SUNUSDT,GOATUSDT,0.02042028323435363,-0.5170080468178493,0.12569617662844507,False,40,9420633.1151785,188476350.81295002,0.022337,0.021833,0.264,0.2415,0.06266381299678092,0.25,0.012915953249195228,0.6042049266740067,0.6120088092598616,0.012833253659833547
573,2025-01-25,2025-01-26,2025-01-29,BANANAUSDT,UXLINKUSDT,0.10659722222222223,-0.5752129134482076,0.14319955831997214,False,41,16198766.199050002,165554455.8867,41.426,35.688,0.8578,0.7687,-0.034641679522549707,0.25,-0.011410419880637429,0.6120088092598616,0.6050255317755576,-0.011476018201884597
574,2025-01-28,2025-01-29,2025-02-01,BANANAUSDT,MOODENGUSDT,-0.03691012600167287,-0.6095731022307815,0.13514535765319535,False,42,17506290.7419,101106528.961225,35.688,38.501,0.09733,0.11205,-0.07241604309624239,0.25,-0.0208540107740606,0.6050255317755576,0.5924083228173285,-0.021074526807081995
575,2025-01-31,2025-02-01,2025-02-04,BANANAUSDT,TROYUSDT,0.009305617447377346,-0.73748766389398,0.15995910251261244,False,43,16198766.199050002,20133920.8566745,38.501,28.287,0.001862,0.001471,-0.05530255174088272,0.25,-0.016575637935220683,0.5924083228173285,0.5825887769484971,-0.01671455100956555
576,2025-02-03,2025-02-04,2025-02-07,SANTOSUSDT,GOATUSDT,-0.24546518431831477,-0.7473647831346121,0.12108917257713786,False,44,4960502.04985,131643449.692,2.58,2.391,0.1462,0.1144,0.14425444596443227,0.25,0.033313611491108064,0.5825887769484971,0.6019969131228392,0.032770736987091126
577,2025-02-06,2025-02-07,2025-02-10,SUNUSDT,MOODENGUSDT,-0.2526983107972556,-0.7441362816263164,0.11395452197859683,False,50,6998376.294148,77972933.89335501,0.018625,0.018966,0.06097,0.06512,-0.049757537263897866,0.25,-0.015189384315974469,0.6019969131228392,0.5928529506523861,-0.015305924637066067
578,2025-02-09,2025-02-10,2025-02-13,SUNUSDT,PNUTUSDT,-0.19988187647654398,-0.694728328799353,0.1168947090384845,False,52,6697242.091425,369840191.20262504,0.018966,0.019771,0.16608,0.1538,0.11638464389272207,0.25,0.026346160973180516,0.5928529506523861,0.6084723499236989,0.026005078708503066
579,2025-02-12,2025-02-13,2025-02-16,BSWUSDT,PNUTUSDT,0.13795285556082892,-0.73733750149473,0.17236115265464433,False,51,3434617.69773,331162971.631545,0.07193,0.05016,0.1538,0.1547,-0.3085071149038303,0.25,-0.07987677872595758,0.6084723499236989,0.5598695386679802,-0.08324768174026129
580,2025-02-15,2025-02-16,2025-02-19,ALPACAUSDT,PNUTUSDT,-0.03869084585765736,-0.7415334235543749,0.14698711436100134,False,51,4562052.102025,322312445.059255,0.15479,0.13955,0.1547,0.14337,-0.02521744642834689,0.25,-0.009054361607086723,0.5598695386679802,0.5548002774120875,-0.009095601461586517
581,2025-02-18,2025-02-19,2025-02-22,ACTUSDT,PNUTUSDT,0.113502818083703,-0.6677866345351747,0.15560509890056548,False,50,169139963.27634,297770007.94525003,0.18572,0.19142,0.14337,0.14449,0.022879408261408107,0.25,0.002969852065352027,0.5548002774120875,0.5564479521618176,0.002965450766691061
582,2025-02-21,2025-02-22,2025-02-25,BANUSDT,GOATUSDT,0.14437689969604883,-0.6262779250283983,0.15486125121071315,False,48,53292925.39815,59486910.09645,0.0754,0.069,0.0987,0.0831,0.07317407464142622,0.25,0.015543518660356553,0.5564479521618176,0.565097111289762,0.015423955536972692
583,2025-02-24,2025-02-25,2025-02-28,BANUSDT,GOATUSDT,0.6586538461538465,-0.6559006211180125,0.19578963232038502,False,48,64013585.26185,57020991.8895,0.069,0.062,0.0831,0.0938,-0.23020980484487008,0.25,-0.06030245121121752,0.565097111289762,0.5310203703066112,-0.062197212100529135
584,2025-02-27,2025-02-28,2025-03-03,BANUSDT,SLERFUSDT,0.8422619047619049,-0.5340277777777778,0.22536995140604282,True,49,70979096.19535,3043734.27565,0.062,0.0622,0.0672,0.0853,-0.2661194316436253,0.25,-0.06927985791090632,0.5310203703066112,0.4942313545039723,-0.07179664615391848
585,2025-03-02,2025-03-03,2025-03-06,BANUSDT,GOATUSDT,0.9021406727828745,-0.479313824419778,0.24454765921712948,True,49,70979096.19535,47541168.5668,0.0622,0.057,0.1033,0.0738,0.2019747060819329,0.25,0.047743676520483225,0.4942313545039723,0.5178277764196902,0.04663897251061356
586,2025-03-05,2025-03-06,2025-03-09,NEIROETHUSDT,GOATUSDT,1.2797953964194373,-0.49589603283173733,0.2897707176306699,True,49,16638852.74922,46704397.0045,0.04458,0.03584,0.0738,0.0614,-0.028030361057311826,0.25,-0.009757590264327959,0.5178277764196902,0.5127750251498988,-0.009805507507546447
587,2025-03-08,2025-03-09,2025-03-12,GRASSUSDT,GOATUSDT,0.6230068337129842,-0.4624125874125874,0.1822755445498204,False,49,26388107.95727,45936688.1221,1.995,1.3343,0.0614,0.0542,-0.21391410121394683,0.25,-0.05622852530348671,0.5127750251498988,0.4839424416732617,-0.05787122403247345
588,2025-03-11,2025-03-12,2025-03-15,HMSTRUSDT,RAYSOLUSDT,0.29732937685459926,-0.6753180661577609,0.18741349280784553,False,53,19402137.3541695,37579670.1215,0.002185,0.002184,1.5319,1.6216,-0.05901240185271173,0.25,-0.017503100463177934,0.4839424416732617,0.475471948498259,-0.017658090931412854
589,2025-03-14,2025-03-15,2025-03-18,PNUTUSDT,RAYSOLUSDT,0.3190036420395421,-0.6928831149155368,0.1843398124754918,False,55,389512170.05842495,31476030.78594,0.20281,0.18126,1.6216,1.7316,-0.17409132570463437,0.25,-0.046272831426158595,0.475471948498259,0.45347051517753195,-0.04737763525575229
590,2025-03-17,2025-03-18,2025-03-21,1000XUSDT,RAYSOLUSDT,0.34167215273206053,-0.6720709117769612,0.1975253272056374,False,55,3322209.89953,29728594.285145,0.08152,0.12469,1.7316,1.6953,0.5505265683136145,0.25,0.1348816420784036,0.45347051517753195,0.5146353628988171,0.1265283653886842
591,2025-03-20,2025-03-21,2025-03-24,1000XUSDT,RAYSOLUSDT,1.1983777111620526,-0.6002027871442382,0.2947741170139634,True,57,3322209.89953,35141076.508965,0.12469,0.08789,1.6953,1.7759,-0.342675134871259,0.25,-0.08841878371781475,0.5146353628988171,0.4691319300531274,-0.09257458704208957
592,2025-03-23,2025-03-24,2025-03-27,1000CHEEMSUSDT,RAYSOLUSDT,0.8597118284373952,-0.5852137351086195,0.30047525359156796,True,57,21073066.46424535,28954242.865735,0.0016649,0.0018055,1.7759,1.9923,-0.037404191491576144,0.25,-0.012101047872894038,0.4691319300531274,0.46345494210885135,-0.01217486163972552
593,2025-03-26,2025-03-27,2025-03-30,1000CHEEMSUSDT,KOMAUSDT,1.0827085015572733,-0.40196882690730096,0.2862804683817679,True,56,22026583.126994,7212174.613849999,0.0018055,0.0016109,0.03646,0.02722,0.14564663680018364,0.25,0.03366165920004591,0.46345494210885135,0.47905560442469647,0.03310750706572955
594,2025-03-29,2025-03-30,2025-04-02,1000CHEEMSUSDT,SCRUSDT,1.0140035008752184,-0.5126322977125299,0.25592778361196683,True,55,23821336.9448181,8045003.758649999,0.0016109,0.0016848,0.2856,0.2772,0.07528674142697,0.25,0.0160716853567425,0.47905560442469647,0.4867548353673942,0.01594390312078729
595,2025-04-01,2025-04-02,2025-04-05,1000CHEEMSUSDT,ACTUSDT,0.937442502299908,-0.6129694135611012,0.2639384647840807,True,54,28687420.2569478,46723212.88598,0.0016848,0.0016248,0.08111,0.05588,0.2754465199909659,0.25,0.06611162999774148,0.4867548353673942,0.518934990942815,0.0640180388330361
596,2025-04-04,2025-04-05,2025-04-08,1000CHEEMSUSDT,ACTUSDT,0.9393794749403341,-0.712810235856328,0.26745707922198453,True,58,32963485.4728246,46723212.88598,0.0016248,0.0015633,0.05588,0.05613,-0.04232468499178976,0.25,-0.013331171247947443,0.518934990942815,0.5120169797120043,-0.013420829031785533
597,2025-04-07,2025-04-08,2025-04-11,FARTCOINUSDT,ACTUSDT,1.3316477033291192,-0.7063624947676852,0.29406664959742873,True,61,362206647.79599,46723212.88598,0.5534,0.7544,0.05613,0.05437,0.3945650331195245,0.25,0.09589125827988113,0.5120169797120043,0.5611149321572528,0.09156796670558318
598,2025-04-10,2025-04-11,2025-04-14,FARTCOINUSDT,ACTUSDT,1.8768115942028984,-0.7249038656142481,0.3665341669653001,True,63,407117630.11203,43378969.2251,0.7544,0.8023,0.05437,0.05386,0.07287434043983243,0.25,0.015468585109958105,0.5611149321572528,0.5697945862417957,0.015350166168319157
599,2025-04-13,2025-04-14,2025-04-17,FARTCOINUSDT,TROYUSDT,1.8240056318197815,-0.8614840989399293,0.4161105147572239,True,63,475858941.77442,7005351.005311,0.8023,0.8984,0.000196,0.000187,0.16569899803371424,0.25,0.03867474950842856,0.5697945862417957,0.5918312491359559,0.03794562125019182
600,2025-04-16,2025-04-17,2025-04-20,FARTCOINUSDT,TROYUSDT,1.7868445547626437,-0.8633040935672515,0.38205276769696506,True,65,522169645.40208,5660637.582427,0.8984,0.8143,0.000187,0.000187,-0.0936108637577916,0.25,-0.0261527159394479,0.5918312491359559,0.5763532545932146,-0.026500780178472426
601,2025-04-19,2025-04-20,2025-04-23,ALCHUSDT,TROYUSDT,1.7902502801643632,-0.8547008547008547,0.36610281305796516,True,69,108712861.93540001,5244486.807593,0.14938,0.19635,0.000187,0.000187,0.3144329896907214,0.25,0.07585824742268035,0.5763532545932146,0.6200744023830138,0.07311871274758124
602,2025-04-22,2025-04-23,2025-04-26,ALCHUSDT,TROYUSDT,1.9505560565073639,-0.8493150684931507,0.35149312781645814,True,69,108712861.93540001,4938838.8759725,0.19635,0.15981,0.000187,0.000187,-0.18609625668449192,0.25,-0.04927406417112298,0.6200744023830138,0.5895208164891225,-0.05052944321838432
603,2025-04-25,2025-04-26,2025-04-29,FARTCOINUSDT,TROYUSDT,0.9697549770290963,-0.8517049960348929,0.2840237799352445,True,69,715813778.4484551,4644710.474886,1.029,1.0942,0.000187,0.000187,0.06336248785228382,0.25,0.013090621963070953,0.5895208164891225,0.5972380106371424,0.013005680261450256
604,2025-04-28,2025-04-29,2025-05-02,ALCHUSDT,TROYUSDT,1.950940170940171,-0.8186226964112512,0.4731792052317532,True,68,97990527.32929501,3045097.1475255,0.17261,0.177,0.000187,0.000187,0.02543305718092803,0.25,0.003608264295232008,0.5972380106371424,0.5993930032266798,0.0036017701267158355
605,2025-05-01,2025-05-02,2025-05-05,VIRTUALUSDT,MOVEUSDT,1.7390504847876969,-0.5477178423236515,0.4405227486299997,True,68,42833257.546275,79278895.81475,1.6387,1.6366,0.1852,0.1722,0.06891288081831715,0.25,0.014478220204579284,0.5993930032266798,0.6080711471164797,0.014374411551141046
606,2025-05-04,2025-05-05,2025-05-08,AVAAIUSDT,MOVEUSDT,2.8766380478987803,-0.5468421052631579,0.5425138411465896,True,67,22088857.147005,82462011.4023,0.08581,0.08125,0.1722,0.1573,0.03338663424758348,0.25,0.00559665856189587,0.6080711471164797,0.6114743137082309,0.005581055458125268
607,2025-05-07,2025-05-08,2025-05-11,AVAAIUSDT,MOVEUSDT,3.288278775079198,-0.5210109622411694,0.6340427205941408,True,65,24716447.79689,86279009.86225,0.08125,0.09119,0.1573,0.2071,-0.19425403687221876,0.25,-0.05131350921805469,0.6114743137082309,0.5800974208751599,-0.052676892400149375
608,2025-05-10,2025-05-11,2025-05-14,AVAAIUSDT,MOVEUSDT,3.6250634195839684,-0.35652173913043483,0.8099824917942946,True,63,29338011.187799998,89259181.6249,0.09119,0.07939,0.2071,0.229,-0.23514616994279547,0.25,-0.06153654248569887,0.5800974208751599,0.5444002312896313,-0.06351136083212854
609,2025-05-13,2025-05-14,2025-05-17,CHILLGUYUSDT,LAYERUSDT,4.567015706806282,-0.38118121221516044,0.9152378980120415,True,60,51999058.404285,167494131.346605,0.10634,0.07941,1.1976,1.0607,-0.13893235345369448,0.25,-0.03748308836342362,0.5444002312896313,0.5239944293151338,-0.03820364244304982
610,2025-05-16,2025-05-17,2025-05-20,CHILLGUYUSDT,LAYERUSDT,2.9512437810945276,-0.4908567314614831,0.6535396161331489,True,62,65420903.85939,159002225.307355,0.07941,0.08215,1.0607,0.9573,0.13198726485078316,0.25,0.030246816212695787,0.5239944293151338,0.5398435925151052,0.029798400926453764
611,2025-05-19,2025-05-20,2025-05-23,CHILLGUYUSDT,LAYERUSDT,2.824953445065177,-0.5456573327005221,0.6253429024843287,True,62,67477075.592955,159002225.307355,0.08215,0.10859,0.9573,0.9767,0.3015849443164704,0.25,0.0726462360791176,0.5398435925151052,0.5790611975827564,0.07012871318164901
612,2025-05-22,2025-05-23,2025-05-26,CHILLGUYUSDT,LAYERUSDT,2.5911346344690704,-0.5006391573349696,0.5534611435798957,True,61,75398034.44188,159002225.307355,0.10859,0.08775,0.9767,1.0015,-0.21730616579300754,0.25,-0.05707654144825189,0.5790611975827564,0.5460103871378499,-0.05877016766869973
613,2025-05-25,2025-05-26,2025-05-29,CHILLGUYUSDT,LAYERUSDT,2.042649098474341,-0.6066687612913361,0.42162802727443255,True,59,75398034.44188,152711078.82228,0.08775,0.08014,1.0015,0.9118,0.0028420047990692643,0.25,-0.0020394988002326838,0.5460103871378499,0.5448967996083677,-0.0020415814100460256
614,2025-05-28,2025-05-29,2025-06-01,KAITOUSDT,LAYERUSDT,1.323800342759212,-0.6921388532450867,0.3075168447285995,True,56,214987174.607305,109424399.88512999,2.1697,1.961,0.9118,0.7819,0.04627703980553399,0.25,0.008819259951383496,0.5448967996083677,0.5497023861307908,0.008780597428615217
615,2025-05-31,2025-06-01,2025-06-04,KAITOUSDT,LAYERUSDT,1.1396617566830334,-0.7453183520599251,0.2832482210271557,True,56,249241881.012895,83708197.01664999,1.961,1.836,0.7819,0.8261,-0.1202719561699983,0.25,-0.03281798904249958,0.5497023861307908,0.5316622592461147,-0.03336857894726088
616,2025-06-03,2025-06-04,2025-06-07,KAITOUSDT,LAYERUSDT,1.3001753946379355,-0.7472305526654017,0.3299041099619097,True,54,249241881.012895,67318778.57468,1.836,1.6487,0.8261,0.7273,0.017582861064101785,0.25,0.001645715266025446,0.5316622592461147,0.5325372239425256,0.0016443625605656615
617,2025-06-06,2025-06-07,2025-06-10,SPXUSDT,AVAAIUSDT,1.1304950495049506,-0.5785520807682838,0.2528867043833214,True,53,32491599.331100002,31687740.29232,1.0761,1.4156,0.03423,0.04163,0.09930649199754882,0.25,0.022076622999387202,0.5325372239425256,0.544293847468645,0.02183646255174794
618,2025-06-09,2025-06-10,2025-06-13,ANIMEUSDT,AVAAIUSDT,0.9851485148514854,-0.5434401053093463,0.2398664107499109,True,47,51751406.86625,26631881.12713,0.0441,0.02667,0.04163,0.0304,-0.12548070873797512,0.25,-0.03412017718449378,0.544293847468645,0.5257224449525849,-0.03471585953210026
619,2025-06-12,2025-06-13,2025-06-16,ANIMEUSDT,ARCUSDT,0.15805471124620074,-0.6811698306824012,0.1814609791316285,False,46,57715312.71635,28432896.535159998,0.02667,0.02419,0.03108,0.03043,-0.07207460553917233,0.25,-0.020768651384793085,0.5257224449525849,0.5148038987682035,-0.020987353219365353
620,2025-06-15,2025-06-16,2025-06-19,BMTUSDT,GRIFFAINUSDT,0.3072025052192069,-0.5638638949219155,0.18707619319771807,False,46,21281870.412699997,28217682.683335,0.12524,0.1447,0.04216,0.04321,0.13047654385931962,0.25,0.0298691359648299,0.5148038987682035,0.5301806464157356,0.02943174170836662
621,2025-06-18,2025-06-19,2025-06-22,BIDUSDT,GRIFFAINUSDT,0.68429820907955,-0.5777386885566305,0.24670358364781755,True,46,10445849.63881,26150060.280575,0.08092,0.09765,0.04321,0.0353,0.38980688181721346,0.25,0.09470172045430336,0.5301806464157356,0.5803896657828805,0.09048192474886561
622,2025-06-21,2025-06-22,2025-06-25,BIDUSDT,AVAAIUSDT,1.0134048257372652,-0.694850603941513,0.3000704746583883,True,48,23173514.188025,16419723.712625,0.09765,0.11274,0.02402,0.02879,-0.044053022890550686,0.25,-0.013763255722637674,0.5803896657828805,0.5724016143939346,-0.013858847442301944
623,2025-06-24,2025-06-25,2025-06-28,BIDUSDT,SIRENUSDT,1.7627450980392156,-0.7045514511873351,0.4529212981118378,True,49,45131321.560885,5054531.783425,0.11274,0.11958,0.04482,0.04944,-0.042408413145218704,0.25,-0.013352103286304678,0.5724016143939346,0.5647588489172992,-0.013442044114076122
624,2025-06-27,2025-06-28,2025-07-01,BIDUSDT,SIRENUSDT,1.9227383863080685,-0.6791901888261631,0.4387005094589435,True,51,60222667.48995,5512059.46784,0.11958,0.14478,0.04944,0.05207,0.1575417886551147,0.25,0.03663544716377867,0.5647588489172992,0.5854490418870854,0.03598032179346127
625,2025-06-30,2025-07-01,2025-07-04,BIDUSDT,SIRENUSDT,3.2806031933766997,-0.6568717881143761,0.6365711167688786,True,52,69747146.339795,5072404.565125,0.14478,0.16137,0.05207,0.04205,0.30702091314323854,0.25,0.07400522828580963,0.5854490418870854,0.6287753318816477,0.07139486412492616
626,2025-07-03,2025-07-04,2025-07-07,FUNUSDT,SIRENUSDT,2.2859654263111633,-0.7325573999872799,0.5736772850572225,True,49,49167226.2069365,5811821.80577,0.011215,0.013108,0.04205,0.04695,0.05226385377575804,0.25,0.010315963443939508,0.6287753318816477,0.6352617552197898,0.010263117023482761
627,2025-07-06,2025-07-07,2025-07-10,FUNUSDT,SIRENUSDT,2.8302162478082993,-0.6921765361663059,0.6578374124670621,True,50,164159073.332317,6048774.7813099995,0.013108,0.013345,0.04695,0.04873,-0.019832111567276378,0.25,-0.007708027891819094,0.6352617552197898,0.6303651398919496,-0.007737888280920236
628,2025-07-09,2025-07-10,2025-07-13,BANANAS31USDT,SIRENUSDT,3.0029292107404393,-0.6850475143836059,0.6851475556822494,True,45,103262155.77000299,6048774.7813099995,0.024597,0.01544,0.04873,0.04847,-0.36694565023516656,0.25,-0.09448641255879164,0.6303651398919496,0.5708041992214384,-0.09925299631436596
629,2025-07-12,2025-07-13,2025-07-16,FUNUSDT,SIRENUSDT,3.12375859434683,-0.6599789547527184,0.5828359304061141,True,49,205575670.90356898,5203261.910134999,0.016194,0.021898,0.04847,0.0492,0.33716835830991765,0.25,0.08154208957747941,0.5708041992214384,0.6173487663655544,0.0783878834322286
630,2025-07-15,2025-07-16,2025-07-19,FUNUSDT,SIRENUSDT,5.261652845295968,-0.6619495775228412,0.7719051869475452,True,52,257571110.600098,4641843.875975,0.021898,0.019545,0.0492,0.05397,-0.20440395492182162,0.25,-0.05385098873045541,0.6173487663655544,0.5841039249052423,-0.055355205136540006
631,2025-07-18,2025-07-19,2025-07-22,FUNUSDT,SIRENUSDT,3.546533271288972,-0.6033076074972437,0.598847206470349,True,48,234118006.9218795,3990241.12371,0.019545,0.01688,0.05397,0.05593,-0.17266848030037452,0.25,-0.04591712007509363,0.5841039249052423,0.5572835548490348,-0.047004735075813854
632,2025-07-21,2025-07-22,2025-07-25,HYPERUSDT,BMTUSDT,2.765199161425577,-0.2639488409272581,0.5428170641429552,True,50,7956346.80745,16168569.242945,0.3592,0.4456,0.09207,0.08542,0.3127621740309433,0.25,0.07544054350773582,0.5572835548490348,0.5993253291147691,0.07273038554547012
633,2025-07-24,2025-07-25,2025-07-28,HYPERUSDT,PUMPUSDT,3.3696078431372554,-0.9437154989384289,0.5934622921080429,True,49,37838529.14515,75901608.6187825,0.4456,0.4598,0.002652,0.002633,0.03903154964513078,0.25,0.0070078874112826945,0.5993253291147691,0.6035253335439353,0.0069834462889509855
634,2025-07-27,2025-07-28,2025-07-31,HYPERUSDT,PUMPUSDT,3.8502109704641354,-0.9440976645435244,0.6462323051606764,True,51,69009217.7404,449770557.40591145,0.4598,0.4406,0.002633,0.002759,-0.08961144453069725,0.25,-0.025152861132674315,0.6035253335439353,0.5883449446392538,-0.02547460092455729
635,2025-07-30,2025-07-31,2025-08-03,DOLOUSDT,PUMPUSDT,3.526075290242023,-0.9414225053078557,0.7405146914407639,True,54,4256649.2320845,582490201.307265,0.17038,0.12793,0.002759,0.002775,-0.2549481637553156,0.25,-0.0664870409388289,0.5883449446392538,0.5492276302188707,-0.068800433867289
636,2025-08-02,2025-08-03,2025-08-06,HYPERUSDT,PUMPUSDT,2.479638009049774,-0.9410828025477707,0.5936675427158725,True,55,121001553.43605,618906655.5531955,0.3845,0.4038,0.002775,0.00325,-0.12097611265361574,0.25,-0.03299402816340394,0.5492276302188707,0.5311063983193096,-0.03355060791544446
637,2025-08-05,2025-08-06,2025-08-09,DOLOUSDT,PUMPUSDT,3.401865983692243,-0.9309978768577495,0.7165819571929364,True,61,29072508.6102575,655220231.9586124,0.168469,0.194163,0.00325,0.003379,0.11282239827733664,0.25,0.02545559956933416,0.5311063983193096,0.5446260301236373,0.025137001219832755
638,2025-08-08,2025-08-09,2025-08-12,DOLOUSDT,PUMPUSDT,3.327397535046469,-0.9282802547770701,0.7718295840962665,True,61,30301354.0407955,655220231.9586124,0.194163,0.243645,0.003379,0.003437,0.23768288936098103,0.25,0.056670722340245255,0.5446260301236373,0.575490380656044,0.05512313739060195
639,2025-08-11,2025-08-12,2025-08-15,DOLOUSDT,BANANAS31USDT,3.4099250732978605,-0.5335146687390713,0.6410272700974983,True,62,35502593.1218805,39176664.097416,0.243645,0.202281,0.007203,0.006801,-0.11396151478368544,0.25,-0.03124037869592136,0.575490380656044,0.5575118432284892,-0.03173876669517263
640,2025-08-14,2025-08-15,2025-08-18,AIOTUSDT,FUNUSDT,2.8461631056274457,-0.5663789560213728,0.643477094602494,True,60,10583114.951960001,50596542.0873,0.6394,0.99568,0.009496,0.009322,0.5755333889000297,0.25,0.14113334722500742,0.5575118432284892,0.6361953557809095,0.1320219327848937
641,2025-08-17,2025-08-18,2025-08-21,DOLOUSDT,FUNUSDT,2.5691524673600354,-0.5229005680364363,0.6036995687243836,True,58,35502593.1218805,40282525.0815375,0.209759,0.228448,0.009322,0.0095,0.07000287318013321,0.25,0.0147507182950333,0.6361953557809095,0.6455796942546421,0.014642984590803588
642,2025-08-20,2025-08-21,2025-08-24,AIOTUSDT,BROCCOLI714USDT,2.795592912312585,-0.47401824672748916,0.6113365912563181,True,60,10583114.951960001,7348264.794539999,1.67054,1.61867,0.02653,0.02742,-0.06459676817747229,0.25,-0.018899192044368074,0.6455796942546421,0.6333787596329792,-0.01908006429296801
643,2025-08-23,2025-08-24,2025-08-27,AIOTUSDT,BROCCOLI714USDT,3.8859514108948243,-0.46837407838571987,0.686181961107359,True,61,10583114.951960001,6356780.68407,1.61867,1.8087,0.02742,0.02487,0.2103966639602367,0.25,0.049849165990059174,0.6333787596329792,0.6649521625565012,0.048646502412536964
644,2025-08-26,2025-08-27,2025-08-30,AIOTUSDT,BROCCOLI714USDT,3.163482344275126,-0.5288206295032234,0.523777511119896,True,63,13005084.394195,5569316.56303,1.8087,1.7054,0.02487,0.02395,-0.020120483205319784,0.25,-0.007780120801329946,0.6649521625565012,0.6597787544047061,-0.007810543840517879
645,2025-08-29,2025-08-30,2025-09-02,AIOTUSDT,BROCCOLI714USDT,3.152730105406656,-0.5239705589814999,0.5048514112593239,True,65,23129736.941524997,4763663.20061,1.7054,1.4872,0.02395,0.02299,-0.08786301550300857,0.25,-0.024715753875752144,0.6597787544047061,0.6434718250983891,-0.025026315985802662
646,2025-09-01,2025-09-02,2025-09-05,AIOTUSDT,BROCCOLI714USDT,2.8713623822166694,-0.5312945973496432,0.47760276076421876,True,66,23129736.941524997,4013790.528715,1.4872,1.5255,0.02299,0.02305,0.02314326269975875,0.25,0.0030358156749396873,0.6434718250983891,0.6454252869514048,0.0030312168915552465
647,2025-09-04,2025-09-05,2025-09-08,AIOTUSDT,ASRUSDT,2.671583608056405,-0.5342250196695515,0.4427634256993994,True,69,30810621.268645,32830734.328199998,1.5255,1.5855,2.367,2.539,-0.03333445495025633,0.25,-0.011083613737564085,0.6454252869514048,0.638271642374379,-0.011145494651913742
648,2025-09-07,2025-09-08,2025-09-11,AIOTUSDT,ASRUSDT,1.9795350760152592,-0.6773824650571791,0.3481813675056174,True,70,37482763.234435,30527722.66365,1.5855,1.423,2.539,2.508,-0.0902817963453505,0.25,-0.025320449086337626,0.638271642374379,0.6221103177503854,-0.025646527736284973
649,2025-09-10,2025-09-11,2025-09-14,AIOTUSDT,ASRUSDT,1.8442934239456328,-0.6292682926829268,0.33973121027207526,True,72,39027934.278355,27689112.2242,1.423,1.4923,2.508,2.639,-0.003532925138502563,0.25,-0.0036332312846256406,0.6221103177503854,0.6198500470814463,-0.0036398474997640195
650,2025-09-13,2025-09-14,2025-09-17,JELLYJELLYUSDT,ASRUSDT,1.605681271064035,-0.5214868540344515,0.38983624020268803,True,73,13605746.075385,17404442.0163,0.05413,0.05018,2.639,2.479,-0.012343447528219809,0.25,-0.005835861882054952,0.6198500470814463,0.6162326878190937,-0.005852957066544911
651,2025-09-16,2025-09-17,2025-09-20,MYXUSDT,ASRUSDT,5.3980831383038,-0.45492524186455585,0.7170009646781406,True,73,214894317.18417,13957347.1911,11.483,11.349,2.479,2.515,-0.026191409037693125,0.25,-0.009297852259423282,0.6162326878190937,0.6105030473303245,-0.00934134710343643
652,2025-09-19,2025-09-20,2025-09-23,MYXUSDT,SQDUSDT,9.740986088766915,-0.34825663643172167,1.2390043791567729,True,66,214894317.18417,2447364.5492249997,11.349,9.407,0.07831,0.07097,-0.07738635067240529,0.25,-0.022096587668101325,0.6105030473303245,0.597013013223347,-0.0223443742212803
653,2025-09-22,2025-09-23,2025-09-26,MYXUSDT,DOLOUSDT,7.648524409304036,-0.5800103709246534,1.0423172415987239,True,65,197911167.15665,72010737.01832551,9.407,9.151,0.12798,0.10429,0.15789327100165307,0.25,0.036723317750413265,0.597013013223347,0.6189373118090797,0.0360650833775868
654,2025-09-25,2025-09-26,2025-09-29,MYXUSDT,DOLOUSDT,6.511286218501191,-0.5854775975756226,0.8850902528643162,True,65,240374668.79925,67990374.6492265,9.151,15.974,0.10429,0.10423,0.746176892421028,0.25,0.183794223105257,0.6189373118090797,0.7326944141838857,0.16872472330418975
655,2025-09-28,2025-09-29,2025-10-02,MYXUSDT,BUSDT,12.201620236422254,-0.5966447082126618,1.6182000570595845,True,62,300112491.5313,6204074.487299999,15.974,15.485,0.2686,0.2944,-0.1266658562159041,0.25,-0.034416464053976026,0.7326944141838857,0.7074776632155769,-0.03502265993860268
656,2025-10-01,2025-10-02,2025-10-05,MYXUSDT,BUSDT,14.19285503974875,-0.5671995176399653,1.8593789342178726,True,60,336360192.7627,6136077.811334999,15.485,5.864,0.2944,0.2863,-0.5937973591203268,0.25,-0.1511993397800817,0.7074776632155769,0.6005075076282267,-0.16393091385524125
657,2025-10-04,2025-10-05,2025-10-08,MYXUSDT,BUSDT,4.130335899230231,-0.5327240084870246,0.6911454203583455,True,61,408472713.60325,6136077.811334999,5.864,5.51,0.2863,0.2595,0.03323975413839553,0.25,0.005559938534598882,0.6005075076282267,0.6038462924602047,0.0055445391298053984
658,2025-10-07,2025-10-08,2025-10-11,DOODUSDT,BUSDT,2.486970213039427,-0.582327378078223,0.5745328859363693,True,63,10025100.4187904,6136077.811334999,0.0108539,0.008042,0.2595,0.1664,0.09969869029966616,0.25,0.022174672574916537,0.6038462924602047,0.617236386281087,0.021932389677553704
659,2025-10-10,2025-10-11,2025-10-14,B2USDT,MYXUSDT,1.6635039717563993,-0.840190349978917,0.5886041813108269,True,60,12107765.299800001,336360192.7627,1.2073,1.602,2.654,3.727,-0.07736754761960185,0.25,-0.022091886904900465,0.617236386281087,0.6036004698417757,-0.02233956725175426
660,2025-10-13,2025-10-14,2025-10-17,SOONUSDT,MYXUSDT,2.158764653668391,-0.6930236389094803,0.5731945461548186,True,61,32075452.57232,261075097.83585,1.032,0.8155,3.727,3.001,-0.0149920806268109,0.25,-0.006498020156702725,0.6036004698417757,0.5996782618221487,-0.00651922419577669
661,2025-10-16,2025-10-17,2025-10-20,B2USDT,MYXUSDT,2.176383215744523,-0.7387214770945828,0.5381466207068588,True,61,13484178.26435,221924525.2781,1.7115,1.899,3.001,2.793,0.178863253586812,0.25,0.041965813396702994,0.5996782618221487,0.6248442478558361,0.041109134152559686
662,2025-10-19,2025-10-20,2025-10-23,B2USDT,MYXUSDT,2.0155580250833465,-0.753920704845815,0.558546466217434,True,61,13484178.26435,172886182.55815,1.899,1.5581,2.793,2.699,-0.1458599670016837,0.25,-0.039214991750420924,0.6248442478558361,0.6003409858308715,-0.04000461174194973
663,2025-10-22,2025-10-23,2025-10-26,HUSDT,MYXUSDT,1.6657824933687002,-0.7132986074200064,0.470419807293563,True,59,41957456.46671,132754290.30875,0.15074,0.34456,2.699,2.981,1.1813069602582547,0.25,0.2925767400645637,0.6003409858308715,0.7759867943924144,0.2566376989954153
664,2025-10-25,2025-10-26,2025-10-29,HUSDT,MYXUSDT,6.057751382346918,-0.6741339744290241,0.8842947326826992,True,59,61197643.11789501,102731575.66565,0.34456,0.31041,2.981,2.573,0.037754912370872806,0.25,0.006688728092718201,0.7759867943924144,0.7811771590636452,0.006666457802423572
665,2025-10-28,2025-10-29,2025-11-01,HUSDT,ALPINEUSDT,3.187508431134493,-0.8674352553652758,0.5357732528318496,True,59,64174091.93903001,24561511.603075,0.31041,0.28948,0.7888,0.7409,-0.006701799321489066,0.25,-0.004425449830372266,0.7811771590636452,0.7777200987375762,-0.004435271119933537
666,2025-10-31,2025-11-01,2025-11-04,HUSDT,MYXUSDT,3.4485938220378056,-0.8693798449612403,0.5576538241341218,True,59,67433706.567195,48273054.795650005,0.28948,0.25161,2.023,1.892,-0.06606546820176495,0.25,-0.01926636705044124,0.7777200987375762,0.7627362578527926,-0.01945438233194685
667,2025-11-03,2025-11-04,2025-11-07,HUSDT,MYXUSDT,2.8409403144558083,-0.6774083546462064,0.4739034591609447,True,57,69330190.790235,39907819.82595,0.25161,0.10965,1.892,2.191,-0.722240336713594,0.25,-0.1833100841783985,0.7627362578527926,0.6229190102198805,-0.20249579616370858
668,2025-11-06,2025-11-07,2025-11-10,BDXNUSDT,MYXUSDT,0.8193254817987154,-0.6024315006350935,0.2932320877218217,False,58,6256123.029920001,31415566.9895,0.06795,0.06082,2.191,2.254,-0.13368408926879616,0.25,-0.03617102231719904,0.6229190102198805,0.6003873927994097,-0.036841409153174756
669,2025-11-09,2025-11-10,2025-11-13,BDXNUSDT,SQDUSDT,1.950024260067928,-0.6035784885194384,0.4564974812549215,True,57,7950096.3409,8410484.03554,0.06082,0.073,0.07821,0.06714,0.34180507365960167,0.25,0.08270126841490041,0.6003873927994097,0.6500401917242359,0.07945909286344689
670,2025-11-12,2025-11-13,2025-11-16,BDXNUSDT,SQDUSDT,1.1624184943687017,-0.645307716668426,0.38150857020981965,True,55,8894003.41369,7839054.04478,0.073,0.06353,0.06714,0.06246,-0.06002093356347993,0.25,-0.017755233390869984,0.6500401917242359,0.6384985764067262,-0.01791474851996051
671,2025-11-15,2025-11-16,2025-11-19,SOONUSDT,SQDUSDT,1.978906058376257,-0.6108586015814707,0.4362043177343255,True,55,33315978.329815,6652675.388825,2.4289,1.4376,0.06246,0.05734,-0.3261546733645381,0.25,-0.08428866834113452,0.6384985764067262,0.5846803816636931,-0.08805410408549542
672,2025-11-18,2025-11-19,2025-11-22,RESOLVUSDT,SQDUSDT,1.3818455870038524,-0.6376793275611452,0.3489807360427898,False,56,14920076.766035002,6440830.921465,0.14223,0.12711,0.05734,0.0482,0.05309338340624026,0.25,0.010523345851560062,0.5846803816636931,0.5908331755325623,0.01046836086191623
673,2025-11-21,2025-11-22,2025-11-25,RESOLVUSDT,YALAUSDT,1.334435261707989,-0.7042363433667782,0.34135147467460747,False,56,77990927.54633,3822861.34986,0.12711,0.13999,0.02654,0.03249,-0.12286034495811671,0.25,-0.03346508623952918,0.5908331755325623,0.5710608923601902,-0.03403785707469805
674,2025-11-24,2025-11-25,2025-11-28,RESOLVUSDT,PORT3USDT,1.2814537157757497,-0.7124787156409633,0.3561764133790769,False,57,84877267.34123,4922117.381695,0.13999,0.08775,0.01182,0.01182,-0.37316951210800775,0.25,-0.09604237802700194,0.5710608923601902,0.5162148462596958,-0.10097279803723797
675,2025-11-27,2025-11-28,2025-12-01,ESPORTSUSDT,PORT3USDT,1.2645587541293062,-0.7058237929318069,0.3509108469267711,False,56,8939329.835889999,4236998.63261,0.48003,0.44672,0.01182,0.01182,-0.06939149636481057,0.25,-0.020097874091202644,0.5162148462596958,0.5058400252755589,-0.02030258382664732
676,2025-11-30,2025-12-01,2025-12-04,ESPORTSUSDT,PORT3USDT,0.9308437067773168,-0.7792304818827045,0.30771745631864494,False,57,9271955.551789999,3289599.94205,0.44672,0.41862,0.01182,0.01182,-0.06290293696275073,0.25,-0.018475734240687686,0.5058400252755589,0.4964942594002649,-0.018648542433879697
677,2025-12-03,2025-12-04,2025-12-07,RESOLVUSDT,PTBUSDT,0.7763305636649451,-0.7750902527075811,0.3257351683165839,False,56,104871636.65423,5223190.73115,0.07911,0.07577,0.00623,0.00402,0.31251545839113437,0.25,0.07537886459778359,0.4964942594002649,0.5339194329531743,0.07267303167397648
678,2025-12-06,2025-12-07,2025-12-10,ESPORTSUSDT,PTBUSDT,0.8841504045692525,-0.8668658698539177,0.291488206515798,False,56,9996265.78181,6262771.059905,0.3959,0.4137,0.00402,0.003861,0.08451308750513686,0.25,0.018378271876284213,0.5339194329531743,0.5437319494520193,0.01821143248385049
679,2025-12-09,2025-12-10,2025-12-13,ESPORTSUSDT,PTBUSDT,0.8974311926605505,-0.8666781767955801,0.2985439460168826,False,56,9996265.78181,6713182.89113,0.4137,0.41226,0.003861,0.002942,0.2345404548450234,0.25,0.055885113711255846,0.5437319494520193,0.5741184712755882,0.05437938553155336
680,2025-12-12,2025-12-13,2025-12-16,PLAYUSDT,PTBUSDT,0.48895253682487727,-0.910665451230629,0.242560208415114,False,57,1868865.95439,7129614.94566,0.0364,0.03269,0.002942,0.003127,-0.16480546985305655,0.25,-0.04395136746326414,0.5741184712755882,0.5488851793771075,-0.044946496370287435
681,2025-12-15,2025-12-16,2025-12-19,ICNTUSDT,PTBUSDT,0.317829457364341,-0.8573448905109489,0.24614533676264563,False,57,6637978.6445,7129614.94566,0.323,0.4643,0.003127,0.002925,0.5020599571692074,0.25,0.12276498929230184,0.5488851793771075,0.6162690625460413,0.11579438341300537
682,2025-12-18,2025-12-19,2025-12-22,ICNTUSDT,PTBUSDT,1.304218362282878,-0.8393190554640307,0.3105480131300139,False,61,10352463.8993,8284433.661038,0.4643,0.3618,0.002925,0.003345,-0.36435218166857186,0.25,-0.09383804541714297,0.6162690625460413,0.5584395782656657,-0.09853723109670971
683,2025-12-21,2025-12-22,2025-12-25,ICNTUSDT,PTBUSDT,0.8108108108108107,-0.7315409309791332,0.2972355140906927,False,58,20494204.97275,10021466.175530002,0.3618,0.411,0.003345,0.00311,0.20624084361451323,0.25,0.048810210903628304,0.5584395782656657,0.5856971318577461,0.047656389216707576
684,2025-12-24,2025-12-25,2025-12-28,ICNTUSDT,AIAUSDT,1.0039005363237443,-0.6558969276511397,0.31300782026230045,False,58,23152176.4013,19509884.5005,0.411,0.4598,0.1736,0.1736,0.11873479318734792,0.25,0.026933698296836978,0.5856971318577461,0.6014721217005253,0.026577370242011768
685,2025-12-27,2025-12-28,2025-12-31,PLAYUSDT,PTBUSDT,0.5998719590268884,-0.6849330357142858,0.24965770845771867,False,62,1164703.229665,10190767.130087,0.04999,0.05351,0.002823,0.00268,0.12106941402449811,0.25,0.027517353506124526,0.6014721217005253,0.6180230426974375,0.027145556302689684
